0,0,0,0,0,0,0,46,0,3,5,0,13,0,26,325,0.08,1141,8562,20512,0.05562597503900156,0.4174141965678627,0.13326325624854007,204,1487,3708,0.05501618122977346,0.401024811218986,0.13718897108271688,1
0,0,0,0,0,0,0,67,0,6,3,5,37,0,89,351,0.2535612535612536,14030,39160,61559,0.22791143455871604,0.6361376890462808,0.3582737487231869,2484,5231,8278,0.30007248127567043,0.6319159217202223,0.47486140317338943,1
1,0,0,0,0,0,0,73,0,3,1,3,39,0,35,286,0.12237762237762238,2191,16380,38292,0.05721821790452314,0.427765590723911,0.13376068376068376,67,1746,4903,0.01366510299816439,0.35610850499694063,0.03837342497136312,1
0,0,0,0,0,0,0,34,0,2,2,2,28,1,61,409,0.1491442542787286,21194,22135,36966,0.573337661635016,0.5987934859059676,0.9574881409532414,3536,3640,6211,0.5693125100627918,0.586056995652874,0.9714285714285714,1
0,0,0,0,0,0,0,42,0,3,4,0,13,0,26,509,0.05108055009823183,4154,12133,27237,0.1525131255277747,0.4454602195542828,0.3423720431879997,517,2006,4895,0.10561797752808989,0.409805924412666,0.2577268195413759,1
1,0,0,0,0,0,0,38,0,1,6,1,37,2,229,1509,0.1517561298873426,10943,52787,381066,0.028716810211354464,0.1385245600499651,0.2073048288404342,2101,6816,65270,0.032189367243756706,0.10442776160563812,0.30824530516431925,1
0,0,0,0,0,0,0,35,0,3,2,1,13,3,90,672,0.13392857142857142,3955,12209,232540,0.017007826610475618,0.052502795218027004,0.3239413547383078,760,1884,46022,0.016513841206379557,0.04093694320107775,0.4033970276008493,1
0,0,0,0,0,0,0,36,0,3,1,0,17,1,178,552,0.322463768115942,21943,29374,59521,0.368659800742595,0.4935064935064935,0.7470211751889426,3140,3146,7355,0.42692046227056424,0.42773623385452075,0.9980928162746344,1
1,0,0,0,0,0,0,82,0,3,8,2,58,10,479,2150,0.22279069767441861,15287,71120,273181,0.055959235818010766,0.26034021399731316,0.21494656917885263,2708,9602,40138,0.06746723802880064,0.23922467487169266,0.2820245782128723,1
0,0,0,0,0,0,0,42,0,3,4,0,13,0,26,510,0.050980392156862744,4154,12133,27291,0.1522113517276758,0.4445787988714228,0.3423720431879997,517,2006,4902,0.1054671562627499,0.40922072623419015,0.2577268195413759,1
0,0,0,0,0,0,0,22,0,3,2,0,8,0,3,360,0.008333333333333333,15210,15169,17921,0.8487249595446683,0.8464371407845545,1.0027028808754697,2448,2355,3030,0.807920792079208,0.7772277227722773,1.0394904458598726,1
0,0,0,0,0,0,0,43,0,3,4,0,14,5,195,1438,0.1356050069541029,4491,24911,187612,0.023937701213142017,0.13277935313306186,0.18028180321946127,797,3042,33771,0.023600130289301472,0.09007728524473661,0.26199868507560814,1
0,0,0,0,0,0,0,57,0,3,4,1,31,2,35,464,0.07543103448275862,4191,27219,202121,0.020735104219749556,0.13466685797121528,0.15397332745508652,701,2564,36327,0.019296941668731245,0.07058111046879731,0.2734009360374415,1
0,0,0,0,0,0,0,29,0,2,3,0,0,5,198,1598,0.12390488110137672,6910,27999,197190,0.0350423449464983,0.14198995892286628,0.24679452837601343,1032,3427,35739,0.028876017795685386,0.09588964436609866,0.3011380215932302,1
1,0,0,0,0,0,0,48,0,1,6,1,47,4,163,913,0.17853231106243153,12454,30234,104562,0.11910636751401082,0.2891490216330981,0.41192035456770526,2287,4260,14779,0.15474659990527098,0.28824683672778945,0.5368544600938967,1
1,0,0,0,0,0,0,41,0,4,4,3,0,5,174,896,0.19419642857142858,24341,36794,102411,0.23767954614250422,0.35927781195379405,0.6615480784910583,4457,5642,15457,0.288348321148994,0.3650126156433978,0.7899680964197093,1
0,0,0,0,0,0,0,54,0,3,5,0,37,1,161,1232,0.13068181818181818,1675,63500,134544,0.01244945891306933,0.4719645617790463,0.02637795275590551,252,4610,13980,0.018025751072961373,0.32975679542203146,0.054663774403470713,1
0,0,0,0,0,0,0,15,0,2,0,0,9,1,566,1376,0.4113372093023256,42496,43541,114424,0.3713906173530029,0.3805233167866881,0.9759996325302588,6401,6510,17537,0.3649997148885214,0.3712151451217426,0.9832565284178187,1
1,0,0,0,0,0,0,71,0,3,7,2,49,4,141,796,0.1771356783919598,3750,39670,134941,0.027789923003386664,0.29398033214515973,0.09452987143937484,659,2993,18542,0.03554093409556682,0.16141732283464566,0.220180420982292,1
1,0,0,1,0,0,0,108,0,3,19,5,99,2,70,550,0.12727272727272726,18276,30723,198200,0.09220988900100908,0.1550100908173562,0.5948637828337077,3302,4814,35329,0.09346429279062526,0.13626199439553907,0.6859160781055256,1
0,0,0,0,0,0,0,24,0,2,2,1,12,1,76,542,0.14022140221402213,21537,23886,44207,0.4871852873979234,0.5403216685140363,0.9016578749058025,3296,3319,6582,0.5007596475235491,0.5042540261318748,0.9930702018680325,1
1,0,0,0,0,0,0,46,0,3,5,2,37,4,235,1538,0.1527958387516255,26782,54853,190983,0.14023237670368566,0.2872140452291565,0.4882504147448635,4868,6755,27412,0.17758645848533489,0.24642492339121552,0.7206513693560326,1
0,0,0,0,0,0,0,52,0,4,4,0,13,0,26,294,0.08843537414965986,1932,9261,19914,0.09701717384754444,0.4650497137692076,0.20861678004535147,320,1653,3591,0.08911166805903648,0.4603174603174603,0.19358741681790684,1
0,0,0,0,0,0,0,25,0,2,1,0,14,4,458,2026,0.22606120434353405,8693,75632,660139,0.013168438768198818,0.11456981029752825,0.1149381214300825,1537,3851,113922,0.01349168729481575,0.033803830691174666,0.3991171124383277,1
1,0,0,0,0,0,0,68,0,2,8,0,0,4,200,1053,0.1899335232668566,19829,22231,90886,0.21817441630174064,0.24460312919481547,0.8919526786919167,210,529,11612,0.018084739924216327,0.04555632104719256,0.39697542533081287,1
0,0,0,0,0,0,0,55,0,4,3,0,29,5,144,816,0.17647058823529413,19103,23313,72661,0.262905822931146,0.3208461210277866,0.8194140608244327,2989,3096,13143,0.2274214410712927,0.23556265692764208,0.9654392764857881,1
1,0,0,0,0,0,0,70,0,2,8,0,0,4,152,776,0.1958762886597938,6508,9032,59727,0.10896244579503407,0.15122139066084014,0.7205491585473871,84,404,8446,0.009945536348567369,0.04783329386691925,0.2079207920792079,1
1,0,0,0,0,0,0,80,0,3,11,1,66,4,128,746,0.17158176943699732,4682,285814,366298,0.01278194257134901,0.7802772605911035,0.016381282932256644,746,32635,46450,0.016060279870828847,0.702583423035522,0.022858893825647313,1
1,0,0,0,0,0,0,81,0,2,10,2,72,1,203,1379,0.14720812182741116,9429,73838,160640,0.058696464143426295,0.45964890438247014,0.12769847503995232,1570,4353,17013,0.09228237230353259,0.255863163463234,0.36067080174592236,1
0,0,0,0,0,0,0,61,0,2,6,5,55,1,551,1877,0.29355354288758656,54189,55475,132896,0.4077549361907055,0.41743167589694197,0.9768183866606579,9768,9890,22493,0.43426843906993284,0.4396923487307162,0.9876643073811932,1
0,0,0,0,0,0,0,40,0,3,3,0,13,0,26,545,0.047706422018348627,3582,12251,27705,0.12929074174336763,0.4421945497202671,0.2923842951595788,558,2329,5306,0.10516396532227666,0.43893705239351677,0.23958780592528983,1
0,0,0,0,0,0,0,42,0,4,1,0,23,0,6,116,0.05172413793103448,3588,3608,6131,0.5852226390474637,0.5884847496330126,0.9944567627494457,620,612,1057,0.586565752128666,0.5789971617786187,1.0130718954248366,1
0,0,0,0,0,0,0,45,0,4,3,1,0,1,71,604,0.11754966887417219,1889,42837,138870,0.013602649960394614,0.30846835169583064,0.04409739244111399,323,3549,20438,0.015803894705939917,0.17364712789901166,0.09101155255001409,1
0,0,0,0,0,0,0,42,0,3,5,1,30,15,82,939,0.08732694355697551,2354,11561,186452,0.012625233304013902,0.062005234591208463,0.20361560418648905,434,694,30387,0.01428242340474545,0.02283871392371738,0.6253602305475504,1
0,0,0,0,0,0,0,63,0,5,6,4,6,2,133,480,0.27708333333333335,4588,15453,44066,0.10411655244406118,0.35067852766305085,0.29690027826312043,27,199,4281,0.006306937631394534,0.046484466246204156,0.135678391959799,1
0,0,0,0,0,0,0,27,0,2,3,0,14,1,48,184,0.2608695652173913,1839,4005,180806,0.010171122639735406,0.02215081357919538,0.4591760299625468,338,678,35640,0.009483726150392818,0.019023569023569022,0.49852507374631266,1
0,0,0,0,0,0,0,38,0,1,4,0,0,1,173,669,0.2585949177877429,27085,27265,58647,0.4618309546950398,0.4649001653963545,0.9933981294700165,4641,4644,9827,0.47227027577083547,0.47257555713849597,0.9993540051679587,1
0,0,0,0,0,0,1,13,0,1,1,0,12,6,221,1974,0.11195542046605876,8374,31807,118545,0.07063984141043486,0.2683116116242777,0.263275379633414,1529,3850,17239,0.0886942398050931,0.22333081965311213,0.39714285714285713,1
0,0,0,0,0,0,0,61,0,4,1,0,22,1,72,465,0.15483870967741936,3179,8050,37091,0.08570812326440376,0.21703378177994662,0.39490683229813667,557,765,4990,0.11162324649298597,0.1533066132264529,0.7281045751633987,1
1,0,0,0,0,0,0,61,0,2,9,1,0,4,66,577,0.11438474870017332,6836,34224,208105,0.03284880228730689,0.16445544316570962,0.19974287050023376,1177,4002,32320,0.03641707920792079,0.12382425742574257,0.29410294852573715,1
0,0,0,0,0,0,0,38,0,3,4,2,29,0,69,667,0.10344827586206896,14629,52838,90838,0.16104493714084414,0.5816728681829191,0.2768651349407623,2611,7282,12954,0.20155936390304152,0.5621429674231897,0.3585553419390277,1
0,0,0,0,0,0,0,20,0,2,0,0,14,1,44,182,0.24175824175824176,2635,3671,14617,0.18026954915509338,0.25114592597660257,0.7177880686461454,409,521,2243,0.18234507356219348,0.23227819884083817,0.7850287907869482,1
0,0,0,0,0,0,0,52,0,2,1,1,46,1,188,844,0.22274881516587677,31480,32657,71726,0.43889245183057746,0.4553021219641413,0.963958722479101,5100,5238,11634,0.43837029396596183,0.45023207839092316,0.9736540664375716,1
1,0,0,0,0,0,0,80,0,3,4,1,54,3,495,2079,0.23809523809523808,10747,111686,358183,0.030004215722130866,0.3118126767602036,0.09622513117131959,1567,7255,40258,0.038923940583238115,0.18021262854587908,0.21598897312198484,1
0,0,0,0,0,0,0,46,0,4,3,3,0,2,694,3045,0.22791461412151068,50447,82610,363680,0.1387126044874615,0.22715024197096348,0.6106645684541823,9382,12545,55020,0.17051981097782626,0.22800799709196656,0.7478676763650857,1
0,0,0,0,0,0,0,67,0,6,1,3,22,0,61,237,0.25738396624472576,995,20549,39763,0.025023262832281266,0.5167869627543193,0.04842084772981654,162,788,3572,0.04535274356103024,0.2206047032474804,0.20558375634517767,1
0,0,0,0,0,0,0,30,0,2,1,0,0,3,199,685,0.2905109489051095,25408,47584,278387,0.09126862964147033,0.17092752175927756,0.5339609952925353,3980,4736,50320,0.07909379968203498,0.09411764705882353,0.8403716216216216,1
1,0,0,0,0,0,0,86,0,3,7,0,53,0,26,234,0.1111111111111111,5145,93435,109877,0.04682508623278757,0.8503599479417895,0.055065018462032427,953,10814,13232,0.0720223700120919,0.8172611850060459,0.0881265026817089,1
1,0,0,0,0,0,0,15,0,2,0,0,0,2,124,626,0.19808306709265175,4026,30107,334959,0.01201938147653892,0.08988264235324324,0.13372305443916696,649,3890,62329,0.010412488568724029,0.06241075582794526,0.16683804627249357,1
1,0,0,0,0,0,0,43,0,3,2,1,28,2,172,1100,0.15636363636363637,5385,137072,439722,0.012246373845293163,0.3117242257608216,0.03928592272674215,817,18257,76699,0.010652029361530138,0.23803439419027628,0.044749958919866356,1
0,0,0,0,0,0,1,13,0,1,1,0,12,6,219,1924,0.11382536382536383,6477,29598,115195,0.05622639871522202,0.25693823516645686,0.2188323535374012,1175,3499,16720,0.07027511961722488,0.20927033492822966,0.3358102314947128,1
0,0,0,0,0,0,0,31,0,2,1,1,15,1,135,631,0.21394611727416799,28405,99393,118909,0.23888015204904592,0.8358744922587862,0.2857847132091797,5248,5322,8082,0.6493442217272952,0.6585003711952487,0.9860954528372792,1
1,0,0,0,0,0,0,74,0,3,7,0,41,0,10,151,0.06622516556291391,1730,88657,99489,0.017388857059574426,0.8911236418096473,0.019513405596850785,317,10182,11746,0.02698791077813724,0.8668482887791589,0.0311333726183461,1
1,0,0,0,0,0,0,47,0,5,1,0,12,2,84,517,0.16247582205029013,2400,30106,357123,0.006720373652775094,0.08430148716268625,0.0797183285723776,449,5773,70410,0.006376935094446812,0.08199119443260901,0.07777585310930192,1
0,0,0,0,0,0,0,43,0,3,4,2,34,1,216,1084,0.1992619926199262,6181,37492,104087,0.059383016130736786,0.3601986799504261,0.16486183719193429,1098,4049,13911,0.07893034289411258,0.291064625116814,0.27117806865892813,1
0,0,0,0,0,0,0,16,0,2,0,0,4,1,33,216,0.1527777777777778,8196,13291,21139,0.38771938123846916,0.628743081508113,0.6166578887969303,1302,1746,3002,0.4337108594270486,0.5816122584943371,0.7457044673539519,1
1,0,0,0,0,0,0,31,0,1,3,0,0,5,173,1145,0.15109170305676856,8184,17289,220790,0.03706689614565877,0.07830517686489424,0.47336456706576435,1526,2078,37025,0.0412153950033761,0.05612424037812289,0.7343599615014437,1
0,0,0,0,1,0,0,48,0,2,3,1,38,1,334,1262,0.26465927099841524,4819,102694,219376,0.02196685143315586,0.46811866384654655,0.0469258184509319,828,6193,18666,0.044358727097396335,0.33177970641808635,0.1336993379622154,1
0,0,0,0,0,0,0,17,0,2,0,0,11,1,634,2493,0.25431207380665866,39501,40739,172072,0.2295608814914687,0.23675554419080386,0.96961142885196,7042,7145,28442,0.24759158990225721,0.25121299486674636,0.9855843247025893,1
0,0,0,0,0,0,0,92,0,7,9,3,58,3,169,903,0.18715393133997785,4019,48438,119637,0.033593286357899314,0.4048747461069736,0.08297204674016269,675,3176,13754,0.04907663225243566,0.23091464301294168,0.2125314861460957,1
0,0,0,0,0,0,0,42,0,4,2,1,0,1,71,535,0.13271028037383178,1730,26999,69549,0.024874548879207464,0.38820112438712273,0.06407644727582502,283,1888,7866,0.03597762522247648,0.24002034070683956,0.14989406779661016,1
0,0,0,0,0,0,1,18,0,2,1,0,12,3,82,273,0.30036630036630035,3516,4261,14909,0.2358307062847944,0.2858005231739218,0.8251584135179535,70,130,1855,0.03773584905660377,0.07008086253369272,0.5384615384615384,1
0,0,0,0,0,0,0,14,0,2,0,0,8,1,542,1301,0.4166026133743274,24182,25533,104973,0.23036399836148344,0.24323397445057302,0.9470880820898445,3983,4109,17016,0.23407381288199341,0.24147860836859428,0.969335604770017,1
0,0,0,0,0,0,0,45,0,2,7,1,27,1,49,187,0.2620320855614973,2420,5162,180065,0.013439591258712132,0.028667425651847944,0.46881053855094923,467,932,35397,0.013193208463994124,0.02632991496454502,0.5010729613733905,1
1,0,0,0,0,0,0,109,0,6,17,4,70,5,596,6108,0.09757694826457106,10372,161173,1086186,0.009549009101571922,0.14838434669568565,0.06435321052533613,1965,10920,199388,0.009855156779746023,0.054767588821794694,0.17994505494505494,1
0,0,0,0,1,0,0,56,0,2,3,1,46,1,2,197,0.01015228426395939,3931,11269,20286,0.1937789608597062,0.5555062604752046,0.3488330819061141,745,1056,2117,0.3519130845536136,0.4988190836088805,0.7054924242424242,1
0,0,0,0,0,0,0,62,0,2,9,0,44,1,51,192,0.265625,2483,5209,183145,0.013557563679052117,0.02844194490704087,0.47667498560184296,454,877,35830,0.012670946134524142,0.02447669550655875,0.5176738882554162,1
1,0,0,0,0,0,0,87,0,5,10,4,66,2,122,776,0.15721649484536082,12357,44488,124894,0.0989399010360786,0.35620606274120453,0.27776029491098725,2008,4422,21140,0.09498580889309366,0.20917691579943234,0.45409317051108095,1
0,0,0,0,0,0,0,62,0,3,8,1,50,30,136,1315,0.10342205323193916,1986,14089,218529,0.009088038658484687,0.06447199227562475,0.14096103343033572,367,938,33346,0.01100581778924009,0.028129310861872488,0.39125799573560766,1
0,0,0,0,0,0,0,86,0,6,2,3,40,3,145,487,0.29774127310061604,6874,14171,42460,0.16189354686764013,0.33374941121055113,0.48507515348246416,1011,1768,5264,0.1920592705167173,0.33586626139817627,0.5718325791855203,1
0,0,0,0,0,0,0,37,0,3,1,0,16,4,45,263,0.17110266159695817,2468,6876,24802,0.09950810418514636,0.2772357067978389,0.3589296102385108,452,890,3639,0.12420994778785381,0.24457268480351746,0.5078651685393258,1
0,0,0,0,0,0,0,34,0,3,1,0,16,4,58,282,0.20567375886524822,1710,6261,24258,0.07049220875587435,0.2581004204798417,0.2731193100143747,319,782,3590,0.08885793871866295,0.21782729805013928,0.4079283887468031,1
0,0,0,0,1,0,0,63,0,2,4,1,53,1,2,185,0.010810810810810811,3590,10741,19461,0.1844715071167977,0.5519243615436,0.33423331160971975,709,1020,2031,0.34908911866075826,0.5022156573116692,0.6950980392156862,1
1,0,0,0,0,0,0,93,0,3,10,2,81,3,308,889,0.3464566929133858,6837,61821,130003,0.05259109405167573,0.4755351799573856,0.11059348764982772,1096,3514,13303,0.08238743140644968,0.2641509433962264,0.3118952760387023,1
0,0,0,0,0,0,0,42,0,3,5,0,26,1,47,706,0.06657223796033994,3509,6811,46547,0.07538616881861344,0.14632521967044063,0.515196006460138,478,873,7496,0.06376734258271077,0.11646211312700107,0.5475372279495991,1
0,0,0,0,0,0,0,55,0,3,3,1,28,2,34,437,0.07780320366132723,3680,27306,52426,0.07019417846106893,0.5208484339831382,0.13476891525672013,638,2570,6083,0.10488245931283906,0.4224889035015617,0.2482490272373541,1
0,0,0,0,1,0,0,61,0,2,7,1,51,1,344,1372,0.25072886297376096,7139,108448,229706,0.031078857321968082,0.4721165315664371,0.06582878430215403,1287,6854,20077,0.06410320266972157,0.34138566518902225,0.18777356288298805,1
1,0,0,0,0,0,0,83,0,2,12,1,71,0,242,893,0.270996640537514,11390,17657,100475,0.11336153271958199,0.17573525752674796,0.6450699439315852,2028,2742,13347,0.15194425713643514,0.20543942458979547,0.7396061269146609,1
0,0,0,0,0,0,0,46,0,2,7,0,29,1,53,195,0.2717948717948718,1593,3386,241875,0.006586046511627907,0.013998966408268735,0.47046662728883637,312,596,47371,0.006586308078782377,0.012581537227417618,0.5234899328859061,1
0,0,0,0,0,0,0,14,0,2,0,0,8,1,842,2415,0.3486542443064182,104147,105851,218050,0.47762898417794086,0.48544370557211647,0.9839018998403416,16729,16944,34457,0.4855036712424181,0.4917433322692051,0.9873111425873465,1
0,0,0,0,1,0,0,23,0,3,1,0,10,1,22,146,0.1506849315068493,4695,11132,21524,0.21812860063185283,0.5171901133618286,0.4217570966582824,777,1467,3075,0.2526829268292683,0.4770731707317073,0.5296523517382413,1
1,0,0,0,0,0,0,101,0,5,9,2,75,5,679,6321,0.10741971207087486,9035,159404,977872,0.009239450562036748,0.16301110983850647,0.05667988256254548,1645,11521,176074,0.009342662744073514,0.06543271578995195,0.14278274455342418,1
0,0,0,0,0,0,0,10,0,2,0,0,4,1,1260,3170,0.39747634069400634,69172,71954,231629,0.2986327273355236,0.3106433132293452,0.9613364093726547,10994,11190,36003,0.3053634419353943,0.3108074327139405,0.9824843610366398,1
0,0,0,0,0,0,0,43,0,3,1,0,23,5,55,312,0.1762820512820513,1446,6560,27875,0.05187443946188341,0.23533632286995515,0.22042682926829268,245,777,4089,0.059916850085595504,0.19002201027146,0.3153153153153153,1
1,0,0,0,0,0,0,37,0,3,4,1,27,3,62,750,0.08266666666666667,2654,44675,99886,0.026570290130749054,0.4472598762589352,0.05940682708449916,450,6225,14044,0.03204215323269724,0.4432497863856451,0.07228915662650602,1
1,0,0,0,0,0,0,107,0,1,9,5,106,0,356,1116,0.31899641577060933,3966,39757,92819,0.04272832071019942,0.4283282517587994,0.09975601780818472,722,4773,13356,0.05405810122791255,0.3573674752920036,0.15126754661638384,1
0,0,0,0,0,0,0,10,0,2,0,0,4,1,509,1324,0.38444108761329304,11871,13225,69151,0.17166779945337016,0.19124813813249267,0.8976181474480152,1873,1995,11065,0.1692724807953005,0.18029823768639855,0.9388471177944863,1
1,0,0,0,0,0,0,35,0,3,0,0,0,1,78,585,0.13333333333333333,2550,59382,104705,0.02435413781576811,0.5671362399121341,0.04294230574921693,457,3449,9123,0.050093171105995836,0.378055464211334,0.1325021745433459,1
0,0,0,0,0,0,0,12,0,2,0,1,5,0,2,19,0.10526315789473684,1060,1054,1421,0.7459535538353272,0.7417311752287121,1.0056925996204933,11,10,73,0.1506849315068493,0.136986301369863,1.1,1
0,0,0,0,0,0,0,84,0,3,8,9,36,1,7,310,0.02258064516129032,1300,17381,37648,0.034530386740331494,0.46167127071823205,0.07479431563201197,233,865,3215,0.07247278382581648,0.2690513219284603,0.26936416184971096,1
0,0,0,0,0,0,1,50,0,2,5,0,32,0,1,379,0.002638522427440633,658,481,9734,0.06759810971851243,0.04941442366961167,1.367983367983368,106,66,1886,0.05620360551431601,0.03499469777306469,1.606060606060606,1
0,0,0,0,0,0,0,44,0,3,3,0,14,1,86,323,0.26625386996904027,9033,12473,33018,0.27357804833727056,0.3777636440729299,0.7242042812474946,1309,1563,4760,0.275,0.3283613445378151,0.8374920025591811,1
0,0,0,0,0,0,0,16,0,2,0,0,10,1,792,2335,0.339186295503212,50283,52528,189022,0.2660166541460782,0.27789357852525104,0.957260889430399,8294,8457,29766,0.278640059127864,0.28411610562386613,0.9807260257774625,1
0,0,0,0,0,0,0,27,0,1,1,0,26,1,511,2047,0.24963361016121152,6369,36245,148214,0.04297164910197417,0.24454504972539706,0.1757207890743551,946,2514,22276,0.042467229305081705,0.11285688633506913,0.37629276054097055,1
1,0,0,0,0,0,0,16,0,1,1,0,0,5,135,740,0.18243243243243243,4735,13568,62776,0.07542691474448834,0.21613355422454442,0.34898290094339623,772,1496,8615,0.08961114335461405,0.17365060940220545,0.516042780748663,1
0,0,0,0,0,0,0,44,0,3,2,1,0,3,843,1928,0.43724066390041494,8822,58484,155206,0.056840586059817275,0.37681532930427947,0.15084467546679434,1211,3747,17781,0.06810640571396434,0.2107305550868905,0.3231918868428076,1
1,0,0,0,0,0,0,54,0,1,10,1,53,6,153,1406,0.10881934566145092,8772,74709,246642,0.035565718734035565,0.3029046147858029,0.11741557242099346,1617,9517,41823,0.038662936661645504,0.22755421657939412,0.16990648313544185,1
0,0,0,0,0,0,0,20,0,2,1,0,15,0,6,126,0.047619047619047616,20988,21069,23340,0.8992287917737789,0.9026992287917738,0.9961554891072192,3570,3570,4044,0.8827893175074184,0.8827893175074184,1,1
0,0,0,0,0,0,0,19,0,2,0,0,13,1,37,186,0.1989247311827957,5785,6759,15205,0.38046695166063793,0.4445248273594212,0.8558958425802633,932,1033,2455,0.3796334012219959,0.4207739307535642,0.9022265246853823,1
1,0,0,0,0,0,0,94,0,4,10,2,69,1,218,837,0.26045400238948624,4815,49245,105243,0.04575126136655169,0.4679171061258231,0.0977764240024368,760,6870,15421,0.04928344465339472,0.44549640101160753,0.11062590975254731,1
1,0,0,0,0,0,0,85,0,4,8,1,18,0,103,456,0.22587719298245615,6328,17219,54160,0.11683899556868538,0.31792836041358935,0.3675010163191823,1006,2535,7604,0.13229879011046816,0.33337716991057337,0.39684418145956607,1
1,0,0,0,0,0,0,69,0,2,10,0,44,7,278,1080,0.2574074074074074,8294,59226,225743,0.036740895620240716,0.26236029467137406,0.14003984736433323,1562,9731,39945,0.03910376768056077,0.2436099637000876,0.16051793238105025,1
0,0,0,0,1,0,0,48,0,2,3,1,38,1,359,1395,0.25734767025089605,6889,108964,233240,0.029536100154347454,0.4671754416052135,0.06322271575933336,1194,6686,20117,0.05935278620072575,0.33235571904359495,0.17858211187556086,1
0,0,0,0,0,0,0,34,0,2,4,2,28,1,42,201,0.208955223880597,1777,2772,14479,0.12272947026728365,0.19144968575177843,0.6410533910533911,330,437,2367,0.1394169835234474,0.1846218842416561,0.7551487414187643,1
1,0,0,0,0,0,0,79,0,3,7,2,0,0,35,209,0.1674641148325359,6187,8896,21490,0.2879013494648674,0.4139599813866915,0.6954811151079137,964,1335,3370,0.286053412462908,0.3961424332344214,0.7220973782771536,1
1,0,0,0,0,0,0,118,0,6,15,4,74,14,228,1573,0.1449459631277813,12708,40943,331170,0.03837304103632575,0.12363136757556542,0.3103827272061158,2343,5558,57186,0.04097156646731718,0.09719162032665338,0.4215545160129543,1
1,0,0,0,0,0,0,101,0,3,10,1,81,2,253,991,0.25529767911200807,5219,25383,72129,0.0723564724313383,0.35191115917314814,0.20561005397313162,731,3078,10336,0.07072368421052631,0.2977941176470588,0.23749187784275502,1
1,0,0,0,0,0,0,55,0,2,9,1,50,1,130,1041,0.12487992315081652,14989,36013,164547,0.0910925146006916,0.21886148030653857,0.4162108127620581,2587,3994,20534,0.12598616928021816,0.19450667186130322,0.6477215823735604,1
0,0,0,0,0,0,0,43,0,3,3,1,16,0,49,98,0.5,12620,14230,17773,0.7100658301918641,0.8006526754065155,0.8868587491215741,2255,2306,2870,0.7857142857142857,0.8034843205574913,0.9778837814397224,1
1,0,0,0,0,0,1,75,0,4,11,6,63,4,286,1263,0.22644497228820268,6830,50009,142522,0.0479224260114228,0.3508861789758774,0.1365754164250435,1137,4970,18486,0.061506004543979226,0.2688521042951423,0.22877263581488932,1
1,0,0,0,0,0,0,67,0,2,5,1,58,2,125,761,0.164257555847569,7450,319080,418393,0.017806225247554333,0.7626322620120317,0.02334837658267519,1184,57526,70036,0.016905591410131933,0.8213775772459878,0.02058199770538539,1
1,0,0,0,0,0,0,76,0,3,9,3,56,0,212,890,0.23820224719101124,8503,15444,78819,0.1078800796762202,0.19594260267194458,0.5505698005698005,1415,1827,11343,0.12474653971612448,0.16106850039672044,0.7744937055281883,1
0,0,0,0,0,0,0,50,0,2,0,0,44,1,424,1126,0.3765541740674956,34563,35812,97864,0.35317379220142237,0.3659364015368266,0.9651234223165419,6083,6206,16300,0.3731901840490798,0.3807361963190184,0.9801804705124073,1
1,0,0,0,0,0,0,46,0,5,1,1,0,4,155,805,0.19254658385093168,3454,37416,123203,0.028035031614489905,0.3036939035575432,0.09231344879196066,619,1299,15231,0.040640798371741844,0.0852865865668702,0.4765204003079292,1
0,0,0,0,0,0,0,27,0,2,2,0,21,1,56,171,0.32748538011695905,2792,4029,14472,0.19292426755113323,0.2783996683250415,0.692975924547034,417,541,2204,0.18920145190562612,0.2454627949183303,0.7707948243992606,1
0,0,0,0,0,0,0,52,0,3,6,3,43,0,64,554,0.11552346570397112,7429,36234,69918,0.1062530392745788,0.5182356474727537,0.20502842633990176,1305,4157,9292,0.1404433921653035,0.4473740852346104,0.3139283136877556,1
1,0,0,0,0,0,0,26,0,1,3,0,0,1,45,162,0.2777777777777778,2675,4722,300428,0.00890396367848536,0.015717576257872103,0.5664972469292673,457,663,58940,0.007753647777400747,0.011248727519511368,0.6892911010558069,1
1,0,0,0,0,0,0,45,0,1,5,0,0,2,194,1282,0.15132605304212168,19866,32214,218293,0.09100612479557292,0.14757229961565418,0.6166883963494133,3663,4438,34643,0.10573564645094247,0.1281066882198424,0.8253717890941866,1
1,0,0,0,0,0,0,68,0,1,13,2,67,3,174,1112,0.1564748201438849,3557,26715,210019,0.016936562882405876,0.12720277689161458,0.13314617256223096,645,3048,34525,0.018682114409847937,0.08828385228095582,0.21161417322834647,1
0,0,0,0,0,0,0,32,0,2,0,0,26,1,360,903,0.39867109634551495,28314,29655,70153,0.4036035522358274,0.42271891437287074,0.9547799696509863,5153,5307,12116,0.425305381313965,0.4380158468141301,0.9709817222536273,1
0,0,0,0,0,0,0,60,0,3,9,0,13,2,49,700,0.07,4305,50019,177282,0.024283345178867568,0.28214370325244525,0.08606729442811732,851,6601,28828,0.029519911197446926,0.22897877063965588,0.1289198606271777,1
1,0,0,0,0,0,0,45,0,2,5,0,42,1,71,291,0.24398625429553264,3328,18894,34685,0.09594925760415166,0.544731151794724,0.17614057372710915,558,2943,5483,0.10176910450483312,0.5367499544045231,0.18960244648318042,1
1,0,0,0,0,0,0,25,0,2,2,0,14,6,114,682,0.16715542521994134,5757,24871,67503,0.08528509844006933,0.3684428840199695,0.23147440794499619,990,1569,8596,0.11516984644020474,0.18252675663099116,0.6309751434034416,1
1,0,0,0,0,0,0,25,0,3,2,3,0,6,160,1066,0.150093808630394,11914,26513,96215,0.12382684612586395,0.27555994387569505,0.4493644627164033,1987,3907,14757,0.13464796367825438,0.2647557091549773,0.508574353724085,1
0,0,0,0,0,0,0,39,0,2,2,0,33,1,534,1313,0.4067022086824067,26843,28141,106865,0.25118607589014175,0.26333224161325036,0.9538751288156071,4846,4957,17257,0.28081358289389813,0.28724575534565683,0.9776074238450676,1
0,0,0,0,0,0,0,87,0,4,8,3,73,1,225,2993,0.07517540928833946,7469,26721,291595,0.025614293797904628,0.09163737375469401,0.2795179821114479,1198,3380,47596,0.02517018236826624,0.07101437095554249,0.3544378698224852,1
1,0,0,0,0,0,0,61,0,2,7,1,42,4,84,516,0.16279069767441862,10946,22243,57696,0.18971852468108708,0.38552066001109264,0.49210987726475747,1868,3179,8670,0.2154555940023068,0.36666666666666664,0.5876061654608368,1
1,0,0,0,0,0,0,68,0,2,5,3,58,1,123,925,0.13297297297297297,6605,75033,141205,0.04677596402393683,0.5313763676923622,0.08802793437554143,1157,6587,15594,0.0741952032833141,0.422406053610363,0.17564900561712463,1
1,0,0,0,0,0,0,137,0,3,20,5,121,1,163,935,0.17433155080213902,2873,8960,57095,0.05031964270076189,0.15693143007268587,0.32064732142857144,429,1062,8591,0.0499359795134443,0.12361773949482016,0.403954802259887,1
1,0,0,0,0,0,0,68,0,2,5,2,58,3,511,2481,0.20596533655783958,39135,150552,356853,0.1096670057418601,0.42188800430429335,0.259943408257612,6988,18656,48815,0.14315271945098842,0.38217760934139094,0.3745711835334477,1
1,0,0,0,0,0,0,93,0,4,12,3,74,1,78,470,0.16595744680851063,5156,16417,42800,0.12046728971962617,0.3835747663551402,0.31406468904184687,810,1280,5111,0.15848170612404616,0.2504402269614557,0.6328125,1
1,0,0,0,0,0,0,94,0,1,30,28,93,1,81,374,0.21657754010695188,3774,17476,47541,0.07938411055720325,0.3675984939315538,0.21595330739299612,11,1239,5304,0.0020739064856711916,0.2335972850678733,0.00887812752219532,1
1,0,0,0,0,0,0,76,0,2,8,2,67,5,203,1351,0.15025906735751296,9836,44439,152411,0.06453602430270781,0.2915734428617357,0.22133711379644005,1767,3279,17973,0.09831413787347688,0.18244032715740277,0.5388838060384263,1
1,0,0,0,0,0,0,114,0,6,17,5,75,13,219,1376,0.15915697674418605,12903,40913,163580,0.07887883604352611,0.250110037901944,0.31537653068706767,2299,5375,23161,0.0992616899097621,0.2320711540952463,0.42772093023255814,1
1,0,0,0,0,0,0,84,0,4,6,1,18,0,119,503,0.23658051689860835,11080,22815,63235,0.17521941962520757,0.3607970269629161,0.4856454087223318,1863,3487,9124,0.20418676019289786,0.3821788689171416,0.534270146257528,1
0,0,0,0,0,0,0,29,0,3,1,1,11,1,29,241,0.12033195020746888,68710,73887,80838,0.8499715480343403,0.914013211608402,0.9299335471733864,12657,12783,13904,0.9103135788262371,0.9193757192174914,0.9901431588828914,1
0,0,0,0,0,0,0,16,0,2,0,0,10,1,230,556,0.4136690647482014,16763,17878,47550,0.352534174553102,0.3759831756046267,0.9376328448372301,2551,2659,7339,0.347595040196212,0.36231094154516963,0.9593832267769838,1
1,0,0,0,0,0,0,62,0,4,3,3,42,2,217,1227,0.17685411572942136,4993,66210,149643,0.033366077932145174,0.44245303823098975,0.0754115692493581,871,5744,17820,0.04887766554433221,0.322334455667789,0.15163649025069637,1
0,0,0,0,0,0,0,99,0,3,12,0,0,2,86,364,0.23626373626373626,6848,8116,24968,0.2742710669657161,0.325056071771868,0.8437654016757024,1148,1210,3853,0.2979496496236699,0.31404100700752663,0.9487603305785124,1
0,0,0,0,0,0,0,51,0,2,6,1,43,0,13,244,0.05327868852459016,3505,6517,20000,0.17525,0.32585,0.5378241522172779,591,787,2685,0.2201117318435754,0.2931098696461825,0.7509529860228716,1
0,0,0,0,0,0,0,97,0,2,30,27,91,1,75,351,0.21367521367521367,13571,14572,35229,0.3852224019983536,0.41363649266229524,0.931306615426846,108,217,4599,0.023483365949119372,0.0471841704718417,0.4976958525345622,1
0,0,0,0,0,0,0,52,0,3,2,1,26,2,31,464,0.0668103448275862,6904,30903,51334,0.1344917598472747,0.6019986753418787,0.22340873054396013,1198,3133,6117,0.19584763773091385,0.5121791727971228,0.3823811043728056,1
1,0,0,0,0,0,0,118,0,4,32,27,91,3,212,962,0.2203742203742204,4957,32354,91511,0.05416835134573986,0.3535531247609577,0.1532113494467454,6,2743,12466,0.00048130916091769613,0.22003850473287342,0.002187386073641998,1
1,0,0,0,0,0,0,104,0,2,11,1,94,1,141,840,0.16785714285714284,19768,112355,201483,0.09811249584332177,0.557640098668374,0.1759423256641894,2955,11088,23012,0.12841126368851033,0.4818355640535373,0.266504329004329,1
1,0,0,0,0,0,0,74,0,2,7,1,64,1,130,789,0.16476552598225602,10021,101355,182915,0.05478500943060985,0.5541098324358309,0.09887030733560259,1464,9484,20209,0.07244297095353555,0.46929585828096393,0.154365246731337,1
0,0,0,0,0,0,0,49,0,3,4,0,32,0,1,24,0.041666666666666664,3807,3806,4326,0.8800277392510403,0.8797965788257051,1.0002627430373094,707,707,791,0.8938053097345132,0.8938053097345132,1,1
0,0,0,0,0,0,0,59,0,3,5,0,41,0,197,602,0.3272425249169435,17697,46598,68976,0.2565675017397356,0.6755683136163303,0.3797802480793167,2787,4689,8383,0.3324585470595252,0.5593462960753907,0.5943698016634676,1
1,0,0,0,0,0,0,83,0,2,9,1,77,1,123,836,0.1471291866028708,9280,98618,193575,0.04794007490636704,0.5094562830944078,0.09410046847431504,1402,9543,22196,0.06316453415029735,0.429942331951703,0.14691396835376716,1
1,0,0,0,0,0,0,79,0,1,12,1,78,2,123,570,0.21578947368421053,7947,14873,62542,0.12706661123724858,0.237808192894375,0.5343239427149868,1420,2263,9204,0.15428074750108647,0.24587136027813994,0.6274856385329209,1
1,0,0,0,0,0,0,95,0,3,10,2,74,2,107,635,0.16850393700787403,15447,42138,219833,0.07026697538586109,0.191681867599496,0.36658123309127155,2439,4961,36916,0.06606891320836494,0.13438617401668654,0.4916347510582544,1
1,0,0,0,0,0,0,102,0,9,1,4,0,3,117,465,0.25161290322580643,2963,10028,42164,0.07027321885969073,0.2378332226543971,0.2954726765057838,471,1091,5521,0.08531063213186017,0.19760912878101794,0.4317140238313474,1
1,0,0,0,0,0,0,77,0,3,8,1,60,3,133,775,0.17161290322580644,4697,276433,366180,0.012827024960401988,0.7549101534764323,0.016991459051560413,776,32003,46563,0.0166655928526942,0.6873053712174902,0.024247726775614785,1
1,0,1,0,0,0,0,112,0,9,8,4,10,2,96,461,0.20824295010845986,3916,15096,42208,0.09277862016679303,0.3576573161485974,0.2594064652888182,596,844,4893,0.12180666257919477,0.1724913141222154,0.7061611374407583,1
1,0,0,0,0,0,0,87,0,6,8,3,50,13,434,2138,0.2029934518241347,17473,40059,384599,0.0454317353919277,0.10415783712386148,0.4361816320926633,3160,5267,66014,0.04786863392613688,0.07978610597751992,0.5999620277197646,1
0,0,0,0,0,0,0,33,0,2,2,0,0,1,19,267,0.07116104868913857,3048,7871,118637,0.025691816212480085,0.06634523799489198,0.38724431457248126,446,1455,23915,0.018649383232280995,0.06084047668827096,0.30652920962199315,1
1,0,0,0,0,0,0,74,0,5,5,2,47,0,188,744,0.25268817204301075,6578,108386,182876,0.03596972812178744,0.5926748179094031,0.060690495082390716,1090,21007,34102,0.03196293472523606,0.6160049263972788,0.051887466082734326,1
1,0,0,0,0,0,0,49,0,3,4,2,40,2,99,1091,0.09074243813015583,7870,415411,504935,0.015586164555833918,0.8227019319318328,0.018945092932060058,1199,94846,108673,0.011033099297893681,0.8727650842435564,0.012641545241760328,1
0,0,0,0,0,0,0,47,0,4,3,0,23,0,8,121,0.06611570247933884,6104,7808,11269,0.5416629692075605,0.6928742568107197,0.7817622950819673,899,1090,1668,0.5389688249400479,0.6534772182254197,0.8247706422018348,1
1,0,0,0,0,0,0,80,0,2,5,2,70,3,113,787,0.14358322744599747,8237,35877,149359,0.05514900340789641,0.24020648236798586,0.22958998801460545,1479,4295,24643,0.06001704337945867,0.17428884470234954,0.34435389988358556,1
1,0,0,0,0,0,0,96,0,3,11,2,78,0,45,244,0.18442622950819673,3322,15950,158025,0.021021990191425408,0.10093339661445974,0.2082758620689655,571,2151,28532,0.0200126174120286,0.07538903687088182,0.26545792654579264,1
1,0,0,0,0,0,0,25,0,3,1,0,15,3,63,784,0.08035714285714286,2231,43287,137145,0.016267454154362173,0.3156294432899486,0.05153972324254395,357,5957,20524,0.017394270122783082,0.2902455661664393,0.05992949471210341,1
1,0,0,0,0,0,0,41,0,2,2,2,34,4,120,1187,0.10109519797809605,24697,70584,113801,0.2170191826082372,0.6202405954253477,0.34989516037628926,4263,6396,13154,0.3240839288429375,0.48623992701839747,0.6665103189493433,1
1,0,0,0,0,0,0,87,0,3,12,3,75,3,55,460,0.11956521739130435,5179,74808,116537,0.044440821370036986,0.6419248822262458,0.06923056357608812,843,5307,9951,0.08471510400964727,0.5333132348507688,0.15884680610514415,1
1,0,0,0,0,0,0,114,0,6,1,4,0,2,198,789,0.2509505703422053,5610,26603,98614,0.05688847425314864,0.269768998316669,0.21087847235274218,846,3198,13400,0.06313432835820895,0.23865671641791045,0.26454033771106944,1
0,0,0,0,0,0,0,37,0,3,1,0,16,1,23,208,0.11057692307692307,16783,17625,24220,0.6929397192402973,0.7277043765483072,0.9522269503546099,2919,2983,4022,0.7257583291894579,0.7416708105420189,0.9785450888367415,1
1,0,0,0,0,0,0,29,0,1,4,1,0,1,37,415,0.0891566265060241,2241,6997,54652,0.04100490375466589,0.12802825148210495,0.3202801200514506,424,869,7798,0.054372916132341624,0.11143883046935112,0.48791714614499426,1
1,0,0,0,0,0,0,84,0,6,8,3,56,2,98,425,0.23058823529411765,4127,9246,28501,0.14480193677414827,0.3244096698361461,0.4463551806186459,741,1302,4344,0.17058011049723756,0.29972375690607733,0.5691244239631337,1
0,0,0,0,0,0,0,81,0,3,13,2,64,3,144,615,0.23414634146341465,3701,18350,62916,0.058824464365185326,0.2916587195625914,0.20168937329700273,647,1235,7809,0.08285311819695224,0.15815085158150852,0.5238866396761134,1
1,0,0,0,0,0,0,72,0,4,7,3,47,3,147,724,0.20303867403314918,6276,40683,88422,0.07097781095202552,0.4601004274954197,0.15426590959368777,1092,6267,14002,0.07798885873446651,0.4475789172975289,0.17424605074198182,1
0,0,0,0,0,0,0,47,0,4,1,0,12,1,25,151,0.16556291390728478,2303,3056,8690,0.26501726121979285,0.35166858457997696,0.7535994764397905,354,393,1237,0.28617623282134197,0.3177041228779305,0.9007633587786259,1
0,0,0,0,0,0,0,52,0,3,6,2,43,0,69,708,0.09745762711864407,11236,45633,86497,0.1299004589754558,0.5275674300842804,0.2462253193960511,2098,6165,12345,0.16994734710409073,0.4993924665856622,0.34030819140308194,1
0,0,0,0,0,0,0,27,0,2,1,0,21,1,201,508,0.3956692913385827,25140,26123,52585,0.4780831035466388,0.4967766473328896,0.962370325000957,4226,4326,8370,0.5048984468339307,0.5168458781362008,0.9768839574664817,1
0,0,0,0,0,0,0,137,0,4,16,1,72,1,58,352,0.16477272727272727,13484,18796,38264,0.3523938950449509,0.49121890027179593,0.7173866780165993,2401,2507,5397,0.44487678339818415,0.46451732443950344,0.957718388512166,1
1,0,0,0,0,0,0,103,0,6,13,4,69,5,571,4398,0.12983174170077308,13480,219517,758487,0.017772222859455733,0.2894143208782748,0.061407544745965006,2487,26859,136108,0.018272254386222705,0.1973359391071796,0.09259466100748352,1
0,0,0,0,1,0,0,18,0,2,1,0,12,1,39,692,0.05635838150289017,3339,7696,20992,0.15906059451219512,0.3666158536585366,0.43386174636174635,559,914,3456,0.16174768518518517,0.2644675925925926,0.611597374179431,1
0,0,0,0,0,0,0,27,0,4,2,3,7,0,38,258,0.14728682170542637,15341,16443,23746,0.6460456497936494,0.6924534658468795,0.9329805996472663,2380,2405,3700,0.6432432432432432,0.65,0.9896049896049897,1
1,0,0,0,0,0,0,98,0,3,11,1,74,1,353,3894,0.0906522855675398,30595,102642,588200,0.052014620877252636,0.17450187011220672,0.298074862142203,5283,10461,95339,0.05541279014883731,0.10972424716013383,0.5050186406653283,1
1,0,0,0,0,0,0,71,0,3,6,2,51,2,204,1022,0.19960861056751467,11593,53983,259906,0.04460458781251683,0.20770201534400898,0.21475279254580146,1788,5268,50865,0.03515187260395164,0.10356826894721322,0.33940774487471526,1
1,0,0,0,0,0,0,45,0,2,7,1,40,1,153,1119,0.13672922252010725,12561,30200,170018,0.07388041266218871,0.17762825112635133,0.4159271523178808,2146,3445,21746,0.09868481559827094,0.15841993929918147,0.6229317851959362,1
0,0,0,0,0,0,0,48,0,2,5,2,39,3,240,1250,0.192,5119,140410,232142,0.022051158342738495,0.6048453101980684,0.03645751727084966,876,22074,35626,0.024588783472744624,0.6196036602481334,0.03968469692851318,1
0,0,0,0,0,0,0,21,0,2,2,0,15,1,81,192,0.421875,4097,5015,14263,0.2872467222884386,0.35160905840286055,0.8169491525423729,709,810,2348,0.30195911413969334,0.34497444633730834,0.8753086419753087,1
1,0,0,0,0,0,0,58,0,2,6,1,50,3,81,421,0.19239904988123516,3649,6375,32044,0.11387467232555236,0.1989452003495194,0.5723921568627451,643,640,4795,0.13409801876955163,0.1334723670490094,1.0046875,1
1,0,0,0,0,0,0,24,0,3,0,1,8,3,224,1088,0.20588235294117646,4221,46881,184772,0.022844370359145324,0.25372350789080594,0.0900364753311576,689,5902,29321,0.023498516421677298,0.20128917840455646,0.11674008810572688,1
1,0,0,0,0,0,0,48,0,1,6,0,0,1,151,716,0.21089385474860337,21218,37613,87851,0.2415225780013887,0.4281453825226805,0.5641134714061627,3814,5718,13380,0.2850523168908819,0.4273542600896861,0.6670164393144457,1
1,0,0,0,0,0,0,67,0,1,10,1,66,3,126,1303,0.09669992325402917,6820,68831,282940,0.024104050328691597,0.24327065809005444,0.09908326190234051,1237,8316,48287,0.02561766106819641,0.17222026632426948,0.14874939874939874,1
1,0,0,0,0,0,0,63,0,1,7,1,62,5,221,1219,0.18129614438063987,3920,82539,160183,0.0244720101384042,0.5152793991871797,0.047492700420407326,645,7877,19237,0.03352913655975464,0.4094713312886625,0.08188396597689476,1
1,0,0,0,0,0,0,44,0,2,4,1,36,6,129,1051,0.12274024738344434,3532,40939,113489,0.031121958956374627,0.3607309959555552,0.08627470138498743,632,3095,13884,0.04552002304811294,0.22291846730048978,0.20420032310177705,1
1,0,0,0,0,0,0,16,0,1,2,1,0,4,188,1219,0.1542247744052502,16899,25365,121745,0.13880652182841186,0.2083453119224609,0.6662329982259019,3237,3695,17555,0.18439191113642836,0.21048134434634008,0.8760487144790257,1
1,0,0,0,0,0,0,93,0,5,9,2,67,5,616,6172,0.09980557355800389,10751,166769,985512,0.010909050321051392,0.1692206690532434,0.06446641761958158,1933,11331,175797,0.010995637013145845,0.06445502482977525,0.17059394581237314,1
1,0,0,0,0,0,0,52,0,3,6,2,43,3,124,854,0.1451990632318501,10471,16661,90802,0.1153168432413383,0.18348714786017928,0.6284736810515575,1892,2420,13749,0.13761000800058187,0.1760128009309768,0.7818181818181819,1
1,0,0,0,0,0,0,47,0,4,6,3,0,3,147,971,0.1513903192584964,40335,48960,108406,0.3720735014667085,0.45163551832924376,0.8238357843137255,7507,8221,17219,0.4359718915151867,0.47743771415297054,0.9131492519158253,1
1,0,0,0,0,0,0,58,0,3,6,0,0,1,72,362,0.19889502762430938,45103,49537,71662,0.629385169266836,0.6912589657000922,0.9104911480307649,8670,8933,12570,0.6897374701670644,0.7106603023070803,0.9705586029329453,1
1,0,0,0,0,0,0,94,0,1,13,1,93,2,124,564,0.2198581560283688,5843,12966,60658,0.09632694780573049,0.21375581126974183,0.4506401357396267,1023,1865,8808,0.11614441416893732,0.21173932788374206,0.5485254691689008,1
0,0,0,0,0,0,0,93,0,2,13,1,81,1,76,472,0.16101694915254236,4304,14033,184856,0.023282987839182933,0.07591314320335829,0.30670562246134114,769,1433,25572,0.030071953699358674,0.05603785390270608,0.5366364270760642,1
1,0,0,0,0,0,0,69,0,1,11,1,68,2,119,547,0.21755027422303475,3991,12447,57792,0.0690580011074197,0.21537583056478404,0.3206395115288825,717,1755,8385,0.08550983899821109,0.20930232558139536,0.40854700854700854,1
0,0,0,0,0,0,0,50,0,4,4,2,13,0,0,35,0,1034,1642,2001,0.5167416291854073,0.8205897051474262,0.6297198538367844,300,356,423,0.7092198581560284,0.8416075650118203,0.8426966292134831,1
1,0,0,0,0,0,0,89,0,2,15,4,77,1,165,898,0.18374164810690424,6469,80915,544839,0.01187323227595675,0.1485117621902984,0.07994809367855156,1189,10536,98494,0.012071801327999674,0.10697098300404086,0.11285117691723615,1
1,0,0,0,0,0,0,62,0,1,9,1,61,1,77,400,0.1925,4925,27642,60328,0.08163705078902002,0.4581951995756531,0.17817089935605238,841,3345,8007,0.10503309604096416,0.4177594604720869,0.2514200298953662,1
1,0,0,0,0,0,0,31,0,2,2,1,22,4,576,2791,0.20637764242207093,8112,199698,304276,0.026660006047141412,0.6563054595170175,0.040621338220713274,1233,8439,24466,0.05039646856862585,0.3449276547044879,0.14610735869178812,1
1,0,0,0,0,0,0,34,0,2,1,1,25,0,559,2704,0.20673076923076922,28833,190686,353323,0.0816052167563391,0.5396931419692462,0.15120669582454926,4131,20662,44158,0.09355043253770551,0.46791068436070476,0.1999322427644952,1
1,0,0,0,0,0,0,70,0,1,12,1,69,2,173,1228,0.14087947882736157,6333,35567,330787,0.019145250569097334,0.10752236333350464,0.17805831248067028,1145,4356,57109,0.0200493792572099,0.07627519305188324,0.2628558310376492,1
1,0,0,0,0,0,0,58,0,5,5,3,33,1,73,405,0.18024691358024691,5353,17986,63007,0.08495881410002064,0.2854603456758773,0.29762037139997777,944,2512,8349,0.11306743322553599,0.3008743562103246,0.37579617834394907,1
1,0,0,0,1,0,0,73,0,7,3,3,38,1,247,1249,0.1977582065652522,19457,38581,156323,0.12446664918150241,0.24680309359467256,0.5043155957595707,3168,5131,15738,0.20129622569576822,0.3260261786758165,0.6174235041902163,1
1,0,0,0,0,0,0,93,0,2,12,1,89,1,135,667,0.20239880059970014,14347,24118,277412,0.051717301342407686,0.08693928164607155,0.594866904386765,2215,2719,50503,0.04385878066649506,0.05383838583846504,0.814637734461199,1
1,0,0,0,0,0,0,76,0,5,6,2,51,0,267,979,0.2727272727272727,6363,110200,202429,0.03143324326060001,0.5443884028474181,0.05774047186932849,1014,21156,36647,0.027669386307201137,0.5772914563265752,0.04792966534316506,1
1,0,0,0,0,0,0,102,0,7,6,3,49,0,542,3287,0.1648919987830849,12137,95193,336815,0.036034618410700235,0.28262696138829924,0.12749887071528368,2275,9986,49457,0.04599955516913683,0.2019127727116485,0.22781894652513518,1
1,0,0,0,0,0,0,84,0,5,9,2,63,0,219,1032,0.21220930232558138,8842,111503,217243,0.040700966199141056,0.5132639486657798,0.07929831484354681,1456,21466,39897,0.036493971977842946,0.5380354412612477,0.06782819342215597,1
0,0,0,0,0,0,0,63,0,5,4,2,27,1,150,632,0.23734177215189872,3111,17377,273965,0.011355465114156919,0.06342781012173088,0.17902975197099613,548,1813,51244,0.010693934899695574,0.035379751775817654,0.302261445118588,1
1,0,0,0,0,0,0,87,0,1,11,1,86,5,185,1270,0.14566929133858267,9880,69508,309790,0.03189257238774654,0.22437134833274153,0.14214191172239166,1637,11550,31039,0.05274010116305294,0.37211250362447246,0.14173160173160174,1
1,0,0,0,0,0,0,41,0,4,3,3,0,4,47,353,0.13314447592067988,4714,13497,37058,0.1272060014032058,0.3642128555237735,0.34926279914054975,764,1572,5039,0.151617384401667,0.31196666005159757,0.4860050890585242,1
1,0,0,0,0,0,0,50,0,4,3,1,16,0,10,206,0.04854368932038835,1625,20342,42999,0.03779157654829182,0.47308076932021675,0.0798839838757251,299,3491,7478,0.039983952928590534,0.46683605242043325,0.08564881122887424,1
1,0,0,0,0,0,0,47,0,1,4,1,0,1,73,794,0.09193954659949623,5418,25216,243101,0.022287032961608548,0.10372643469175363,0.21486357868020303,944,2982,43832,0.021536776784084687,0.06803248768023362,0.3165660630449363,1
1,0,0,0,0,0,0,85,0,2,10,1,81,0,67,432,0.1550925925925926,4060,23541,45318,0.08958912573370405,0.5194624652455978,0.17246506095747843,690,1669,4597,0.15009788992821405,0.3630628670872308,0.4134212103055722,1
1,0,0,0,0,0,0,70,0,3,8,1,56,1,155,881,0.17593643586833144,9612,53700,188953,0.050869793017311184,0.28419765761856125,0.17899441340782124,1597,4951,28378,0.05627598844175065,0.1744661357389527,0.32256109876792566,1
0,0,0,0,0,0,0,81,0,1,19,9,80,1,219,851,0.2573443008225617,4678,126974,192475,0.024304455124042085,0.6596908689440187,0.03684218816450612,715,12036,23397,0.0305594734367654,0.5144249262725991,0.05940511797939515,1
1,0,0,0,0,0,0,26,0,2,0,0,0,2,49,278,0.17625899280575538,3526,5767,17699,0.19922029493191706,0.32583761794451666,0.6114097451014392,617,714,2594,0.23785659213569776,0.27525057825751736,0.8641456582633054,1
1,0,0,0,0,0,0,65,0,2,6,10,56,0,20,150,0.13333333333333333,3541,10622,18843,0.18792124396327547,0.5637106617842169,0.33336471474298623,675,1209,2435,0.27720739219712526,0.4965092402464066,0.5583126550868487,1
0,0,0,0,0,0,0,59,0,4,4,1,0,2,199,1006,0.1978131212723658,4949,26364,78073,0.06338939197930142,0.33768396244540366,0.18771810043999393,806,1758,10451,0.07712180652569132,0.1682135680796096,0.45847554038680316,1
1,0,0,0,0,0,0,30,0,1,4,0,0,4,378,2617,0.14444019870080244,27793,48271,238773,0.11639925787254003,0.20216272359102577,0.5757701311346357,5227,6101,33408,0.156459530651341,0.18262092911877395,0.8567447959350926,1
0,0,0,0,0,0,0,30,0,1,4,0,0,1,40,189,0.21164021164021163,4124,5519,12977,0.31779301841719965,0.42529089928334746,0.7472368182641783,692,722,1909,0.3624934520691461,0.3782084861183866,0.9584487534626038,1
0,0,0,0,0,0,0,48,0,3,5,2,39,0,19,318,0.059748427672955975,2656,16339,36375,0.0730171821305842,0.44918213058419243,0.16255584797111206,487,1904,4864,0.1001233552631579,0.39144736842105265,0.2557773109243697,1
1,0,0,0,0,0,0,32,0,2,3,1,22,3,480,2666,0.1800450112528132,41578,101578,450914,0.09220827031318611,0.22527133777172587,0.4093209159463663,8083,13689,71317,0.11333903557356591,0.19194581936985572,0.5904741032946161,1
0,0,0,0,0,0,0,16,0,1,2,0,15,0,27,366,0.07377049180327869,13258,15305,36645,0.3617956064947469,0.41765588756992766,0.8662528585429599,2107,2318,5259,0.40064651074348734,0.44076820688343793,0.9089732528041415,1
1,0,0,0,0,0,0,97,0,3,10,10,73,5,581,2008,0.28934262948207173,10009,49601,192193,0.0520778592352479,0.2580791183862055,0.20179028648615954,1571,4308,25115,0.06255225960581326,0.1715309575950627,0.3646703806870938,1
1,0,0,0,0,0,0,57,0,4,6,3,0,0,16,133,0.12030075187969924,1798,10570,19022,0.09452213226790032,0.5556723793502261,0.17010406811731316,318,1630,2986,0.10649698593436034,0.5458807769591426,0.1950920245398773,1
0,0,0,0,0,0,0,38,0,3,2,1,22,6,213,1303,0.1634689178818112,4318,7330,554120,0.0077925359127986715,0.013228181621309464,0.5890859481582538,795,1038,108789,0.007307724126520145,0.009541405840664038,0.7658959537572254,1
1,0,0,0,0,0,0,64,0,5,6,3,0,5,211,1307,0.16143840856924255,19085,34757,170958,0.11163560640625182,0.20330724505434083,0.5490980234197428,3519,4485,27280,0.12899560117302053,0.16440615835777125,0.7846153846153846,1
1,0,0,0,0,0,0,28,0,5,1,3,0,6,223,834,0.2673860911270983,7399,17768,85315,0.08672566371681416,0.2082634941100627,0.4164227825303917,1181,2169,11798,0.10010171215460248,0.18384471944397354,0.5444905486399262,1
