0,15,35.5667,40.6867,-1,0,0,1,3,-3,4,3,0,0,0,0,0,0,0,2,3,0,0,0,0,0,0,0,0,0,0,0,0,0,0,0,0,0,0,0,0,0,0,0,0,0,1,1,-1000
0.7,15,35.5667,40.6867,-1,1,0,1,6.5,-3.5,1.8,4.8,0.8,0,0.6,0.6,0.2,0.4,0,0.6,0.8,0,0,0,0,0,0,0,0,0,0,0,0,0,0,0,0,0,0,0,0,0,0,0,0,0,1,1,-1000
0.78,15,35.5667,40.6867,-1,0,0,1,0.816667,3.38333,2.5,3.83333,0,0,0.166667,0.166667,0,0,0,1.33333,1.66667,0,0.5,0,0,0,0,0,4.88793,0.00670525,0,0,0.167624,0.00670501,0,0,0,0.107281,0.107281,0,0.0603449,0,0,0,0,0,1,1,-1000
0.23,15,35.5667,40.6867,-1,0,0,1,3.77857,1.72143,1.21429,2.78571,0.0714286,0,0.357143,0.642857,0.0714286,0.285714,0,2.42857,1.71429,0.0714286,0.214286,0,0,0,0,0,0.100796,1.35507,0.0111991,0,0.907124,0.907124,0.0111991,0.179185,0,0.716744,1.11992,0.0111991,0.100792,0,0,0,0,0,1,1,-1000
0,15,35.5667,40.6867,-1,0,0,1,2.4,-2.4,1.88889,3.77778,0,0,0,0.666667,0.111111,0.111111,0,1.44444,1.44444,0,0.222222,0,0,0,0,0,0,0,0,0,0,0,0,0,0,0,0,0,0,0,0,0,0,0,1,1,-1000
0,15,35.5667,40.6867,-1,0,0,1,4.28462,-4.28462,0.769231,2.53846,0.0769231,0.0769231,0.384615,0.384615,0.153846,0.230769,0,1.76923,1.23077,0,0.0769231,0,0,0,0,0,0,0,0,0,0,0,0,0,0,0,0,0,0,0,0,0,0,0,1,1,-1000
0,15,35.5667,40.6867,-1,0,0,1,0,0,0,0,0,0,0,0,0,0,0,0,0,0,0,0,0,0,0,0,0,0,0,0,0,0,0,0,0,0,0,0,0,0,0,0,0,0,1,1,-1000
1.38,15,35.5667,40.6867,-1,1,0,1,4.775,2.025,1.375,2.75,0,0.125,0.125,0.25,0,0,0,2.75,1,0,0,0,0,0,0,0,6.22666,11.9375,0,1.80536,0.0368441,7.22145,0,0,0,1.32639,9.4321,0,0,0,0,0,0,0,1,1,-1000
0,15,35.5667,40.6867,-1,0,0,1,1.7,-1.7,0.888889,1.44444,0,0.111111,0.333333,0.444444,0.111111,0.111111,0,0.222222,0.666667,0,0.111111,0,0,0,0,0,0,0,0,0,0,0,0,0,0,0,0,0,0,0,0,0,0,0,1,1,-1000
0,15,35.5667,40.6867,-1,0,0,1,2.2,-2.2,1,0,0,0,0,0,0,0,0,1,0,0,0,0,0,0,0,0,0,0,0,0,0,0,0,0,0,0,0,0,0,0,0,0,0,0,1,1,-1000
0,15,35.5667,40.6867,-1,0,0,1,0,0,0,0,0,0,0,0,0,0,0,0,0,0,0,0,0,0,0,0,0,0,0,0,0,0,0,0,0,0,0,0,0,0,0,0,0,0,1,1,-1000
0,15,35.5667,40.6867,-1,0,0,1,0.625,-0.625,0.75,2.75,0,0,0.25,0.5,0,0.25,0,0.5,0.5,0,0,0,0,0,0,0,0,0,0,0,0,0,0,0,0,0,0,0,0,0,0,0,0,0,1,1,-1000
-0.25,6,38.2133,31.4667,0,1,0,0,3.54286,-0.64286,1.35714,2,0,0,0.0714286,0.0714286,0,0,0,2.42857,1.28571,0,0.0714286,0,0,0,0,0,0,0,0,0,0,0,0,0,0,0,0,0,0,0,0,0,0,0,1,1,-1000
3.17,6,38.2133,31.4667,0,0,0,0,2.83333,13.1667,1,2.41667,0.25,0,0.0833333,0.5,0.166667,0.5,0,1.25,1.83333,0,0.25,0.0833333,0,0,0,0,0,0.0732234,0.659018,0,0.00149437,0.0537974,0.149437,0.0537974,0,0.0134493,1.0102,0,0.121044,0.00149437,0,0,0,0,1,1,-1000
0,6,38.2133,31.4667,0,1,0,0,4.64615,-4.64615,2.30769,3.92308,0.230769,0,0.769231,0.615385,0.153846,0.153846,0.0769231,1,0.538462,0,0,0,0,0,0,0,0,0,0,0,0,0,0,0,0,0,0,0,0,0,0,0,0,0,1,1,-1000
-1.3,6,38.2133,31.4667,0,1,0,0,0.35,-0.35,0.25,1.875,0,0,0.125,0.5,0,0,0,0.625,1,0,0.125,0,0,0,0,0,0,0,0,0,0,0,0,0,0,0,0,0,0,0,0,0,0,0,1,1,-1000
-0.36,6,38.2133,31.4667,0,0,0,0,2.15556,-2.15556,0.666667,0.555556,0,0,0,0,0,0.111111,0,1.33333,0.444444,0,0,0,0,0,0,0,0,0,0,0,0,0,0,0,0,0,0,0,0,0,0,0,0,0,1,1,-1000
0,6,38.2133,31.4667,0,0,0,0,0,0,0,0,0,0,0,0,0,0,0,0,0,0,0,0,0,0,0,0,0,0,0,0,0,0,0,0,0,0,0,0,0,0,0,0,0,0,1,1,-1000
0,6,38.2133,31.4667,0,0,0,0,0,0,0,0,0,0,0,0,0,0,0,0,0,0,0,0,0,0,0,0,0,0,0,0,0,0,0,0,0,0,0,0,0,0,0,0,0,0,1,1,-1000
0,6,38.2133,31.4667,0,0,0,0,2.1125,-2.1125,1.125,0.875,0,0,0.5,0.125,0.125,0,0,0.5,0.75,0,0.125,0,0,0,0,0,0,0,0,0,0,0,0,0,0,0,0,0,0,0,0,0,0,0,1,1,-1000
0,6,38.2133,31.4667,0,0,0,0,1.05,-1.05,0.666667,1.16667,0,0,0.5,0,0,0,0,0.333333,0,0,0,0,0,0,0,0,0,0,0,0,0,0,0,0,0,0,0,0,0,0,0,0,0,0,1,1,-1000
0.17,6,38.2133,31.4667,0,0,0,0,0.15,0.45,0,1,0,0,0,0.5,0,0,0,0.5,1.5,0,0,0,0,0,0,0,0,0,0,0,0,0.0833333,0,0,0,0.0833333,0.75,0,0,0,0,0,0,0,1,1,-1000
0,6,38.2133,31.4667,0,0,0,0,0,0,0,0,0,0,0,0,0,0,0,0,0,0,0,0,0,0,0,0,0,0,0,0,0,0,0,0,0,0,0,0,0,0,0,0,0,0,1,1,-1000
0,6,38.2133,31.4667,0,0,0,0,0,0,0,0,0,0,0,0,0,0,0,0,0,0,0,0,0,0,0,0,0,0,0,0,0,0,0,0,0,0,0,0,0,0,0,0,0,0,1,1,-1000
-1.02,6,38.2133,31.4667,0,1,0,0,5.60667,-4.50667,1.06667,3.93333,0.133333,0,0.333333,0.933333,0.133333,0,0,2.66667,0.933333,0.0666667,0.0666667,0,0,0,0,0,0,0,0,0,0,0,0,0,0,0,0,0,0,0,0,0,0,0,1,1,-1000
-0.76,4,40.3333,30.0133,0,0,0,1,-0.366667,0.066667,0.333333,0.666667,0,0,0.333333,0,0,0.333333,0,0,1,0,0,0,0,0,0,0,0,0,0,0,0,0,0,0,0,0,0,0,0,0,0,0,0,0,0,1,-1000
0,4,40.3333,30.0133,0,0,0,1,0.5,-0.5,1,0,0,0,0,0,0,0,0,0,0,0,0,0,0,0,0,0,0,0,0,0,0,0,0,0,0,0,0,0,0,0,0,0,0,0,0,1,-1000
0.06,4,40.3333,30.0133,0,1,0,1,2.73333,-2.73333,0.733333,3.33333,0.0666667,0,0.133333,0.0666667,0.0666667,0,0,1.6,0.533333,0,0.0666667,0,0,0,0,0,0,0,0,0,0,0,0,0,0,0,0,0,0,0,0,0,0,0,0,1,-1000
0,4,40.3333,30.0133,0,0,0,1,1.4,-1.4,0,1,0,0,0,0,0,0,0,1,0,0,0,0,0,0,0,0,0,0,0,0,0,0,0,0,0,0,0,0,0,0,0,0,0,0,0,1,-1000
-1.45,4,40.3333,30.0133,0,0,0,1,0.5,0,1,0,0,0,0,0,0,0,0,0,0,0,0,0,0,0,0,0,0,0,0,0,0,0,0,0,0,0,0,0,0,0,0,0,0,0,0,1,-1000
0,4,40.3333,30.0133,0,1,0,1,1.3,-1.3,0.285714,0.714286,0,0,0,0,0.142857,0,0,0.428571,0.428571,0,0.142857,0,0,0,0,0,0,0,0,0,0,0,0,0,0,0,0,0,0,0,0,0,0,0,0,1,-1000
0.01,4,40.3333,30.0133,0,0,0,1,1.4,-1.4,0.8,3.8,0.0666667,0,0,0.133333,0,0.2,0,1.4,0.866667,0,0.0666667,0,0,0,0,0,0,0,0,0,0,0,0,0,0,0,0,0,0,0,0,0,0,0,0,1,-1000
0,4,40.3333,30.0133,0,0,0,1,-0.9,0.9,3,2.5,0,0,0,0.5,0,0.5,0,0,1.5,0,0.5,0,0,0,0,0,0,0,0,0,0,0,0,0,0,0,0,0,0,0,0,0,0,0,0,1,-1000
0,4,40.3333,30.0133,0,0,0,1,5.23333,-5.23333,2.5,2.5,0.333333,0,0.166667,0,0,0,0,2,1,0,0,0,0,0,0,0,0,0,0,0,0,0,0,0,0,0,0,0,0,0,0,0,0,0,0,1,-1000
0,4,40.3333,30.0133,0,0,0,1,0,0,0,0,0,0,0,0,0,0,0,0,0,0,0,0,0,0,0,0,0,0,0,0,0,0,0,0,0,0,0,0,0,0,0,0,0,0,0,1,-1000
0,4,40.3333,30.0133,0,0,0,1,0,0,0,0,0,0,0,0,0,0,0,0,0,0,0,0,0,0,0,0,0,0,0,0,0,0,0,0,0,0,0,0,0,0,0,0,0,0,0,1,-1000
0,4,40.3333,30.0133,0,0,0,1,0,0,0,0,0,0,0,0,0,0,0,0,0,0,0,0,0,0,0,0,0,0,0,0,0,0,0,0,0,0,0,0,0,0,0,0,0,0,0,1,-1000
0,4,40.3333,30.0133,0,0,0,1,0.4,-0.4,0,1,0,0,0,1,0,0,0,0,0,0,0,0,0,0,0,0,0,0,0,0,0,0,0,0,0,0,0,0,0,0,0,0,0,0,0,1,-1000
0,4,40.3333,30.0133,0,0,0,1,0,0,0,0,0,0,0,0,0,0,0,0,0,0,0,0,0,0,0,0,0,0,0,0,0,0,0,0,0,0,0,0,0,0,0,0,0,0,0,1,-1000
0,4,40.3333,30.0133,0,0,0,1,0,0,0,0,0,0,0,0,0,0,0,0,0,0,0,0,0,0,0,0,0,0,0,0,0,0,0,0,0,0,0,0,0,0,0,0,0,0,0,1,-1000
0,4,40.3333,30.0133,0,0,0,1,0,0,0,0,0,0,0,0,0,0,0,0,0,0,0,0,0,0,0,0,0,0,0,0,0,0,0,0,0,0,0,0,0,0,0,0,0,0,0,1,-1000
0,4,40.3333,30.0133,0,0,0,1,0,0,0,0,0,0,0,0,0,0,0,0,0,0,0,0,0,0,0,0,0,0,0,0,0,0,0,0,0,0,0,0,0,0,0,0,0,0,0,1,-1000
0,4,40.3333,30.0133,0,0,0,1,0,0,0,0,0,0,0,0,0,0,0,0,0,0,0,0,0,0,0,0,0,0,0,0,0,0,0,0,0,0,0,0,0,0,0,0,0,0,0,1,-1000
0,4,40.3333,30.0133,0,0,0,1,0,0,0,0,0,0,0,0,0,0,0,0,0,0,0,0,0,0,0,0,0,0,0,0,0,0,0,0,0,0,0,0,0,0,0,0,0,0,0,1,-1000
0,4,40.3333,30.0133,0,0,0,1,-0.3,0.3,0,1,0,0,0,0,0,0,0,0,0,0,0,0,0,0,0,0,0,0,0,0,0,0,0,0,0,0,0,0,0,0,0,0,0,0,0,1,-1000
2,4,40.3333,30.0133,0,1,0,1,5.46,7.84,1.33333,3.86667,0.0666667,0.133333,0.533333,0.6,0.4,0,0,1,0.866667,0,0.133333,0,0,0,0,0,0.309527,0.523099,0.00309524,0.523096,0.198095,0.250714,0.250714,0,0,0,0.523096,0,0.0123809,0,0,0,0,0,0,1,-1000
0.22,4,40.3333,30.0133,0,1,0,1,3.4125,-1.9125,2.25,5.375,0.125,0.125,0.5,0.75,0.125,0.25,0,1.25,1.375,0,0.25,0,0,0,0,0,0,0,0,0,0,0,0,0,0,0,0,0,0,0,0,0,0,0,0,1,-1000
0,4,40.3333,30.0133,0,0,0,1,1.575,-1.575,1.25,1.75,0,0,0,0.5,0,0,0,1.25,1,0,0.25,0,0,0,0,0,0,0,0,0,0,0,0,0,0,0,0,0,0,0,0,0,0,0,0,1,-1000
0.43,7,28.22,32.0133,0,1,0,0,3.3,0,3,1,0,0,0,0,0,0,0,3,2,0,1,0,0,0,0,0,0,0,0,0,0,0,0,0,0,0,0,0,0,0,0,0,0,0,1,1,-1000
0,7,28.22,32.0133,0,0,0,0,0.344444,-0.344444,0.888889,1.44444,0,0.111111,0.111111,0.222222,0,0,0,0.333333,0.888889,0,0.222222,0,0,0,0,0,0,0,0,0,0,0,0,0,0,0,0,0,0,0,0,0,0,0,1,1,-1000
-0.53,7,28.22,32.0133,0,0,0,0,0.533333,-1.73333,0,2,0,0,0,0,0,0,0,0.666667,0,0,0,0,0,0,0,0,0,0,0,0,0,0,0,0,0,0,0,0,0,0,0,0,0,0,1,1,-1000
0,7,28.22,32.0133,0,0,0,0,0.909091,-0.909091,1.18182,2.27273,0,0,0.272727,0.363636,0,0,0,1,1.72727,0,0.181818,0,0,0,0,0,0,0,0,0,0,0,0,0,0,0,0,0,0,0,0,0,0,0,1,1,-1000
0,7,28.22,32.0133,0,1,0,0,2.11429,-2.11429,1.42857,3.71429,0.142857,0,0.142857,0.142857,0,0,0,2.07143,3.07143,0,0.214286,0,0,0,0,0,0,0,0,0,0,0,0,0,0,0,0,0,0,0,0,0,0,0,1,1,-1000
0,7,28.22,32.0133,0,0,0,0,1.77143,-1.77143,1.14286,2.42857,0.142857,0,0.142857,0.571429,0,0.142857,0,0.857143,0.857143,0,0.142857,0,0,0,0,0,0,0,0,0,0,0,0,0,0,0,0,0,0,0,0,0,0,0,1,1,-1000
0,7,28.22,32.0133,0,0,0,0,0,0,0,0,0,0,0,0,0,0,0,0,0,0,0,0,0,0,0,0,0,0,0,0,0,0,0,0,0,0,0,0,0,0,0,0,0,0,1,1,-1000
0,7,28.22,32.0133,0,0,0,0,1.72222,-1.72222,1.11111,2.22222,0.111111,0,0.333333,0.666667,0,0,0,1,1.55556,0,0.222222,0,0,0,0,0,0,0,0,0,0,0,0,0,0,0,0,0,0,0,0,0,0,0,1,1,-1000
0.41,7,28.22,32.0133,0,1,0,0,1.16667,0.93333,0,0.666667,0,0,0.333333,0.333333,0,0,0,0.666667,0.666667,0,0,0,0,0,0,0,0,0.13889,0,0,0.55556,0.55556,0,0,0,0.13889,2.22224,0,0,0,0,0,0,0,1,1,-1000
0,7,28.22,32.0133,0,0,0,0,0,0,0,0,0,0,0,0,0,0,0,0,0,0,0,0,0,0,0,0,0,0,0,0,0,0,0,0,0,0,0,0,0,0,0,0,0,0,1,1,-1000
0.26,7,28.22,32.0133,0,0,0,0,1.175,-0.675,0.916667,1.75,0,0,0.166667,0.0833333,0,0,0,1.33333,1.5,0,0.25,0,0,0,0,0,0,0,0,0,0,0,0,0,0,0,0,0,0,0,0,0,0,0,1,1,-1000
0,7,28.22,32.0133,0,0,0,0,0,0,0,0,0,0,0,0,0,0,0,0,0,0,0,0,0,0,0,0,0,0,0,0,0,0,0,0,0,0,0,0,0,0,0,0,0,0,1,1,-1000
0,7,28.22,32.0133,0,0,0,0,0,0,0,0,0,0,0,0,0,0,0,0,0,0,0,0,0,0,0,0,0,0,0,0,0,0,0,0,0,0,0,0,0,0,0,0,0,0,1,1,-1000
0.62,7,28.22,32.0133,0,1,0,0,2.64167,-0.64167,1.41667,2.75,0.0833333,0,0.416667,0.5,0.166667,0.5,0,1,1.25,0,0.0833333,0.0833333,0,0,0,0,0,0,0,0,0,0,0,0,0,0,0,0,0,0,0,0,0,0,1,1,-1000
0.24,20,19.0867,44.6533,0,1,0,1,1.50714,-0.20714,0.357143,3.35714,0.0714286,0,0,0.357143,0,0.0714286,0,1.85714,1.35714,0,0.357143,0,0,0,0,0,0,0,0,0,0,0,0,0,0,0,0,0,0,0,0,0,0,0,1,0,-1000
0,20,19.0867,44.6533,0,0,0,1,0.25,-0.25,0,2,0,0,0,0,0,0,0,0.5,0,0,0,0,0,0,0,0,0,0,0,0,0,0,0,0,0,0,0,0,0,0,0,0,0,0,1,0,-1000
0,20,19.0867,44.6533,0,0,0,1,1.775,-1.775,2,2,0,0,0.25,0.5,0,0,0,0.75,1,0,0,0,0,0,0,0,0,0,0,0,0,0,0,0,0,0,0,0,0,0,0,0,0,0,1,0,-1000
0,20,19.0867,44.6533,0,0,0,1,0,0,0,0,0,0,0,0,0,0,0,0,0,0,0,0,0,0,0,0,0,0,0,0,0,0,0,0,0,0,0,0,0,0,0,0,0,0,1,0,-1000
0,20,19.0867,44.6533,0,0,0,1,2.775,-2.775,2,2.625,0,0.125,0,0.375,0,0,0,1.5,0.875,0,0.125,0,0,0,0,0,0,0,0,0,0,0,0,0,0,0,0,0,0,0,0,0,0,0,1,0,-1000
0,20,19.0867,44.6533,0,0,0,1,0,0,0,0,0,0,0,0,0,0,0,0,0,0,0,0,0,0,0,0,0,0,0,0,0,0,0,0,0,0,0,0,0,0,0,0,0,0,1,0,-1000
0,20,19.0867,44.6533,0,0,0,1,0,0,0,0,0,0,0,0,0,0,0,0,0,0,0,0,0,0,0,0,0,0,0,0,0,0,0,0,0,0,0,0,0,0,0,0,0,0,1,0,-1000
0,20,19.0867,44.6533,0,0,0,1,0.466667,-0.466667,0.666667,0.333333,0,0,0,0.333333,0,0,0,0,0,0,0,0,0,0,0,0,0,0,0,0,0,0,0,0,0,0,0,0,0,0,0,0,0,0,1,0,-1000
-0.52,20,19.0867,44.6533,0,0,0,1,3.08,-3.08,0.9,2.2,0,0,0,0.2,0,0,0,2,0.5,0,0,0,0,0,0,0,0,0,0,0,0,0,0,0,0,0,0,0,0,0,0,0,0,0,1,0,-1000
-1.32,20,19.0867,44.6533,0,1,0,1,1.6,-6.1,1.18182,5.09091,0,0,0.727273,1.27273,0.0909091,0.727273,0.0909091,1.18182,1.54545,0,0.181818,0,0,0,0,0,0,0,0,0,0,0,0,0,0,0,0,0,0,0,0,0,0,0,1,0,-1000
0.6,20,19.0867,44.6533,0,1,0,1,1.01,3.69,0.7,2.4,0,0,0.4,0.3,0,0,0,0.6,0.5,0,0,0,0,0,0,0,0.462575,1.57659,0,0,0.700705,0.0246341,0,0,0,0.043794,0.0684282,0,0,0,0,0,0,0,1,0,-1000
0.83,20,19.0867,44.6533,0,1,0,1,3.57,0.33,0.7,2.8,0,0,0.2,0.2,0,0,0,2.6,1.4,0,0,0,0,0,0,0,0.973636,15.5782,0,0,0.432727,0.432727,0,0,0,1.73091,1.73091,0,0,0,0,0,0,0,1,0,-1000
0,14,20.1933,38.4,4,0,0,0,0,0,0,0,0,0,0,0,0,0,0,0,0,0,0,0,0,0,0,0,0,0,0,0,0,0,0,0,0,0,0,0,0,0,0,0,0,0,1,1,-1000
0,14,20.1933,38.4,4,0,0,0,0.685714,-0.685714,0.571429,3.57143,0,0,0.142857,0.142857,0.142857,0,0,0.428571,0.714286,0,0.142857,0,0,0,0,0,0,0,0,0,0,0,0,0,0,0,0,0,0,0,0,0,0,0,1,1,-1000
0,14,20.1933,38.4,4,0,0,0,0,0,0,0,0,0,0,0,0,0,0,0,0,0,0,0,0,0,0,0,0,0,0,0,0,0,0,0,0,0,0,0,0,0,0,0,0,0,1,1,-1000
0,14,20.1933,38.4,4,0,0,0,0.82,-0.82,0.8,3,0,0,0,0.4,0,0,0,1.2,1.2,0,0.2,0,0,0,0,0,0,0,0,0,0,0,0,0,0,0,0,0,0,0,0,0,0,0,1,1,-1000
3,14,20.1933,38.4,4,1,0,0,5.43333,9.36667,0,2.33333,0.333333,0,0,0.333333,0.333333,0,0,2,2.33333,0,0.333333,0,0,0,0,0,0,0.064451,0.257809,0,0,0.0644522,0.257809,0,0,0,0.064451,0,0.0644522,0,0,0,0,0,1,1,-1000
-1.47,14,20.1933,38.4,4,1,0,0,1.66154,-1.66154,0.923077,2.07692,0.0769231,0,0.153846,0.0769231,0,0,0,1.92308,2.38462,0,0.230769,0.0769231,0,0,0,0,0,0,0,0,0,0,0,0,0,0,0,0,0,0,0,0,0,0,1,1,-1000
0.72,14,20.1933,38.4,4,1,0,0,2.34615,-2.34615,1.38462,4,0.0769231,0,0.615385,0.0769231,0,0,0,1.69231,1.53846,0,0.153846,0,0,0,0,0,0,0,0,0,0,0,0,0,0,0,0,0,0,0,0,0,0,0,1,1,-1000
0,14,20.1933,38.4,4,0,0,0,-0.1625,0.1625,1,3.25,0,0,0.25,0.25,0.125,0,0,0.375,2,0,0.375,0,0,0,0,0,0,0,0,0,0,0,0,0,0,0,0,0,0,0,0,0,0,0,1,1,-1000
0,14,20.1933,38.4,4,0,0,0,0,0,0,0,0,0,0,0,0,0,0,0,0,0,0,0,0,0,0,0,0,0,0,0,0,0,0,0,0,0,0,0,0,0,0,0,0,0,1,1,-1000
0,14,20.1933,38.4,4,0,0,0,0,0,0,0,0,0,0,0,0,0,0,0,0,0,0,0,0,0,0,0,0,0,0,0,0,0,0,0,0,0,0,0,0,0,0,0,0,0,1,1,-1000
-0.63,14,20.1933,38.4,4,0,0,0,-0.15,-0.15,0.5,2.5,0,0,0,0,0,0,0,0.5,1,0,0,0,0,0,0,0,0.25,2.25,0,0,0,0,0,0,0,0.25,1,0,0,0,0,0,0,0,1,1,-1000
0,14,20.1933,38.4,4,0,0,0,-2.65,2.65,2.5,0.5,0,0,0,0,0,0,0,0,3.5,0,1,0,0,0,0,0,0,0,0,0,0,0,0,0,0,0,0,0,0,0,0,0,0,0,1,1,-1000
0,14,20.1933,38.4,4,0,0,0,0,0,0,0,0,0,0,0,0,0,0,0,0,0,0,0,0,0,0,0,0,0,0,0,0,0,0,0,0,0,0,0,0,0,0,0,0,0,1,1,-1000
0.68,14,20.1933,38.4,4,0,0,0,2.3,1.1,0.5,0,0,0,0,0,0,0,0,1.5,1,0,0,0,0,0,0,0,0.522727,0,0,0,0,0,0,0,0,0.522727,0,0,0,0,0,0,0,0,1,1,-1000
3.32,10,31.0533,29.9067,1,1,0,1,2.50714,11.3929,2.28571,3.57143,0.0714286,0,0.428571,0.928571,0.214286,0.571429,0.0714286,0.714286,1.64286,0,0.285714,0,0,0,0,0,0.112278,2.80692,0.00112277,0,0.0718572,0.189747,0.135855,0.0718572,0.00112277,0.363776,0.593946,0,0.0179642,0,0,0,0,0,1,1,-1000
0,10,31.0533,29.9067,1,0,0,1,0,0,0,0,0,0,0,0,0,0,0,0,0,0,0,0,0,0,0,0,0,0,0,0,0,0,0,0,0,0,0,0,0,0,0,0,0,0,1,1,-1000
0,10,31.0533,29.9067,1,0,0,1,2.46,-2.46,0.8,2.2,0,0,0,0,0,0,0,2.6,2.6,0,0.2,0,0,0,0,0,0,0,0,0,0,0,0,0,0,0,0,0,0,0,0,0,0,0,1,1,-1000
1.03,10,31.0533,29.9067,1,1,0,1,3.16364,1.03636,1,2.54545,0.0909091,0,0.181818,0.636364,0,0,0,2.63636,3.18182,0,0.272727,0,0,0,0,0,3.05265,0.630725,0.0252285,0,2.04351,0.403655,0,0,0,1.23618,4.26363,0,0.227056,0,0,0,0,0,1,1,-1000
0,10,31.0533,29.9067,1,0,0,1,0,0,0,0,0,0,0,0,0,0,0,0,0,0,0,0,0,0,0,0,0,0,0,0,0,0,0,0,0,0,0,0,0,0,0,0,0,0,1,1,-1000
-0.16,10,31.0533,29.9067,1,0,0,1,0.08,-0.68,0.6,2.6,0,0,0.2,0.6,0,0,0,0.2,0.8,0,0,0,0,0,0,0,0,0,0,0,0,0,0,0,0,0,0,0,0,0,0,0,0,0,1,1,-1000
0.4,10,31.0533,29.9067,1,1,0,1,-0.0375,0.9375,0.75,1.5,0,0,0.375,0.125,0,0.375,0,0.375,0.75,0,0.25,0,0,0,0,0,0,0,0,0,0,0,0,0,0,0,0,0,0,0,0,0,0,0,1,1,-1000
-0.32,10,31.0533,29.9067,1,0,0,1,2.98333,-1.28333,0.75,1.83333,0,0,0,0.666667,0,0.166667,0,2,0.916667,0,0.0833333,0,0,0,0,0,0,0,0,0,0,0,0,0,0,0,0,0,0,0,0,0,0,0,1,1,-1000
0,10,31.0533,29.9067,1,0,0,1,3.47692,-3.47692,1.07692,6.61538,0.153846,0,0.769231,1.23077,0.153846,0.153846,0,1.07692,0.923077,0,0,0,0,0,0,0,0,0,0,0,0,0,0,0,0,0,0,0,0,0,0,0,0,0,1,1,-1000
0,10,31.0533,29.9067,1,0,0,1,0,0,0,0,0,0,0,0,0,0,0,0,0,0,0,0,0,0,0,0,0,0,0,0,0,0,0,0,0,0,0,0,0,0,0,0,0,0,1,1,-1000
-3.03,18,28.5,37.92,-3,1,0,0,-2.9,0,1,3,0,0,0,0,0,0,0,0,1,0,1,0,0,0,0,0,0,0,0,0,0,0,0,0,0,0,0,0,0,0,0,0,0,0,1,1,-1000
0.92,18,28.5,37.92,-3,1,0,0,3.87857,1.42143,1.5,3,0,0,0.142857,0.285714,0.0714286,0,0,2.35714,1.21429,0,0.142857,0,0,0,0,0,0.68216,10.9146,0,0,0.0556864,0.222746,0.0139216,0,0,1.12766,0.1253,0,0.0556864,0,0,0,0,0,1,1,-1000
0,18,28.5,37.92,-3,0,0,0,3.425,-3.425,1.5,3.5,0.5,0,0.5,0,0,0,0,0.5,0.25,0,0,0,0,0,0,0,0,0,0,0,0,0,0,0,0,0,0,0,0,0,0,0,0,0,1,1,-1000
-0.5,18,28.5,37.92,-3,0,0,0,1.29167,-2.19167,0.583333,2.41667,0,0,0.166667,0.25,0,0.166667,0,1.5,1.16667,0,0.25,0,0,0,0,0,0,0,0,0,0,0,0,0,0,0,0,0,0,0,0,0,0,0,1,1,-1000
0,18,28.5,37.92,-3,0,0,0,1.96667,-1.96667,1,1.33333,0,0,0.666667,0.333333,0,0,0,0.666667,0.333333,0,0,0,0,0,0,0,0,0,0,0,0,0,0,0,0,0,0,0,0,0,0,0,0,0,1,1,-1000
0,18,28.5,37.92,-3,0,0,0,0.6,-0.6,0,1,0,0,0,0,0,0,0,2,1,0,1,0,0,0,0,0,0,0,0,0,0,0,0,0,0,0,0,0,0,0,0,0,0,0,1,1,-1000
0,18,28.5,37.92,-3,0,0,0,1.45,-1.45,0.75,2.75,0,0,0.5,0,0.25,0.5,0,0.75,2.25,0,0.25,0,0,0,0,0,0,0,0,0,0,0,0,0,0,0,0,0,0,0,0,0,0,0,1,1,-1000
0,18,28.5,37.92,-3,0,0,0,0,0,0,0,0,0,0,0,0,0,0,0,0,0,0,0,0,0,0,0,0,0,0,0,0,0,0,0,0,0,0,0,0,0,0,0,0,0,1,1,-1000
0,18,28.5,37.92,-3,0,0,0,0,0,0,0,0,0,0,0,0,0,0,0,0,0,0,0,0,0,0,0,0,0,0,0,0,0,0,0,0,0,0,0,0,0,0,0,0,0,1,1,-1000
0,18,28.5,37.92,-3,0,0,0,4.74444,-4.74444,1.66667,2.77778,0,0.111111,0.222222,0.333333,0.222222,0.555556,0,1.44444,0.111111,0,0,0,0,0,0,0,0,0,0,0,0,0,0,0,0,0,0,0,0,0,0,0,0,0,1,1,-1000
0,18,28.5,37.92,-3,1,0,0,0.583333,-0.583333,0.5,2,0,0,0,0.333333,0,0,0,1,1.33333,0,0.166667,0,0,0,0,0,0,0,0,0,0,0,0,0,0,0,0,0,0,0,0,0,0,0,1,1,-1000
0,18,28.5,37.92,-3,1,0,0,7.51538,-7.51538,2.07692,5,0.230769,0,0.769231,1,0.384615,0.0769231,0.0769231,2.15385,1.23077,0,0.230769,0,0,0,0,0,0,0,0,0,0,0,0,0,0,0,0,0,0,0,0,0,0,0,1,1,-1000
0,18,28.5,37.92,-3,0,0,0,0.025,-0.025,0.5,2.75,0,0,0.25,0.25,0,0,0,0.25,0.5,0,0,0,0,0,0,0,0,0,0,0,0,0,0,0,0,0,0,0,0,0,0,0,0,0,1,1,-1000
0,18,28.5,37.92,-3,0,0,0,0.933333,-0.933333,0.888889,4,0,0,0,0.555556,0,0,0,2.33333,1.77778,0,0.333333,0.222222,0,0,0,0,0,0,0,0,0,0,0,0,0,0,0,0,0,0,0,0,0,0,1,1,-1000
0,18,28.5,37.92,-3,0,0,0,0,0,0,0,0,0,0,0,0,0,0,0,0,0,0,0,0,0,0,0,0,0,0,0,0,0,0,0,0,0,0,0,0,0,0,0,0,0,1,1,-1000
0.13,2,41.2,22.5733,0,0,0,1,1.075,1.025,1.25,1.75,0,0,0.5,0,0,0,0,0.5,0.75,0,0,0,0,0,0,0,0.589939,0.0655488,0,0,0.262195,0,0,0,0,0.262195,0.589939,0,0,0,0,0,0,0,0,1,-1000
0,2,41.2,22.5733,0,0,0,1,1.94,-1.94,0,3,0.2,0,0.2,0.4,0,0,0,1.8,1,0,0.6,0,0,0,0,0,0,0,0,0,0,0,0,0,0,0,0,0,0,0,0,0,0,0,0,1,-1000
0.15,2,41.2,22.5733,0,0,0,1,2.24,-2.24,1,3.4,0.133333,0.0666667,0.266667,0.4,0.0666667,0,0,0.733333,0.666667,0,0.0666667,0,0,0,0,0,0,0,0,0,0,0,0,0,0,0,0,0,0,0,0,0,0,0,0,1,-1000
-1.21,2,41.2,22.5733,0,1,0,1,3.53,-4.63,1.6,2.8,0.1,0,0.1,0.7,0.1,0,0,1.4,1,0,0.1,0,0,0,0,0,0,0,0,0,0,0,0,0,0,0,0,0,0,0,0,0,0,0,0,1,-1000
0,2,41.2,22.5733,0,0,0,1,0,0,0,0,0,0,0,0,0,0,0,0,0,0,0,0,0,0,0,0,0,0,0,0,0,0,0,0,0,0,0,0,0,0,0,0,0,0,0,1,-1000
0.46,2,41.2,22.5733,0,1,0,1,2.35714,0.94286,1.5,4.64286,0.214286,0,0.214286,0.357143,0.0714286,0.142857,0,1.07143,1.42857,0,0.0714286,0,0,0,0,0,0.624997,17.4617,0.114796,0,0.114796,0.318876,0.0127551,0.0510201,0,2.1556,5.10201,0,0.0127551,0,0,0,0,0,0,1,-1000
-1.09,2,41.2,22.5733,0,1,0,1,4.06667,-2.36667,2,4.2,0.0666667,0,0.533333,0.6,0.266667,0.266667,0,0.866667,0.6,0,0.0666667,0,0,0,0,0,0,0,0,0,0,0,0,0,0,0,0,0,0,0,0,0,0,0,0,1,-1000
2.72,2,41.2,22.5733,0,1,0,1,6.81333,10.5867,1.06667,2.6,0,0.0666667,0.2,0.466667,0.266667,0.0666667,0,3.33333,2.4,0,0.133333,0,0,0,0,0,0.560622,1.64756,0,0.00286034,0.0257431,0.140157,0.346101,0.00286034,0,4.57655,0.231687,0,0.0114413,0,0,0,0,0,0,1,-1000
0,2,41.2,22.5733,0,0,0,1,0.35,-0.35,0.5,1.25,0,0,0,0.25,0,0,0,0.25,0.25,0,0,0,0,0,0,0,0,0,0,0,0,0,0,0,0,0,0,0,0,0,0,0,0,0,0,1,-1000
-1.19,2,41.2,22.5733,0,0,0,1,0.175,-1.475,0.5,2,0,0,0,1.25,0,0.25,0,0.75,1,0,0.5,0,0,0,0,0,0,0,0,0,0,0,0,0,0,0,0,0,0,0,0,0,0,0,0,1,-1000
0,2,41.2,22.5733,0,0,0,1,0.366667,-0.366667,0.333333,0.666667,0,0,0,0,0,0,0,0.333333,0.333333,0,0,0,0,0,0,0,0,0,0,0,0,0,0,0,0,0,0,0,0,0,0,0,0,0,0,1,-1000
-1.43,9,31.3867,30.6333,-1,1,0,0,0.0166667,-2.11667,0.166667,3.16667,0.166667,0,0.666667,0.666667,0,0.833333,0,0,0.666667,0,0.166667,0,0,0,0,0,0,0,0,0,0,0,0,0,0,0,0,0,0,0,0,0,0,0,0,1,-1000
0.9,9,31.3867,30.6333,-1,0,0,0,3.925,5.375,1.5,0.25,0,0,0.25,0.5,0,0,0,3.25,2.75,0,0.75,0,0,0,0,0,0.182558,0.410756,0,0,0.0456395,0.182558,0,0,0,16.4759,3.6968,0,0.0456395,0,0,0,0,0,0,1,-1000
-0.32,9,31.3867,30.6333,-1,1,0,0,0.814286,-0.114286,1,2.28571,0,0,0.285714,0.428571,0,0,0,1,1.42857,0,0.285714,0,0,0,0,0,0,0,0,0,0,0,0,0,0,0,0,0,0,0,0,0,0,0,0,1,-1000
0,9,31.3867,30.6333,-1,0,0,0,0,0,0,0,0,0,0,0,0,0,0,0,0,0,0,0,0,0,0,0,0,0,0,0,0,0,0,0,0,0,0,0,0,0,0,0,0,0,0,1,-1000
-0.42,9,31.3867,30.6333,-1,1,0,0,2.4,-1.4,2.3,2.6,0,0.1,0.2,0.4,0,0,0,1.5,1.1,0,0.4,0,0,0,0,0,0,0,0,0,0,0,0,0,0,0,0,0,0,0,0,0,0,0,0,1,-1000
0,9,31.3867,30.6333,-1,0,0,0,3.56,-3.56,0.2,1.2,0.2,0,1,0,0.2,0,0,0.6,0.8,0,0.2,0,0,0,0,0,0,0,0,0,0,0,0,0,0,0,0,0,0,0,0,0,0,0,0,1,-1000
0,9,31.3867,30.6333,-1,0,0,0,2.9,-2.9,1.33333,2.88889,0,0,0,0.222222,0.111111,0,0,1.66667,1.55556,0,0,0,0,0,0,0,0,0,0,0,0,0,0,0,0,0,0,0,0,0,0,0,0,0,0,1,-1000
0,9,31.3867,30.6333,-1,0,0,0,-1.1,1.1,1,1,0,0,0,0,0,0,0,1,2,0,1,0,0,0,0,0,0,0,0,0,0,0,0,0,0,0,0,0,0,0,0,0,0,0,0,1,-1000
0,9,31.3867,30.6333,-1,0,0,0,2.6,-2.6,0.75,2.25,0,0,0,0,0,0,0,2,1,0,0,0,0,0,0,0,0,0,0,0,0,0,0,0,0,0,0,0,0,0,0,0,0,0,0,1,-1000
-2.66,9,31.3867,30.6333,-1,0,0,0,3.22857,-3.52857,0.142857,1,0.285714,0,0.428571,0.714286,0,0.142857,0,0.857143,0.571429,0,0,0,0,0,0,0,0,0,0,0,0,0,0,0,0,0,0,0,0,0,0,0,0,0,0,1,-1000
0,9,31.3867,30.6333,-1,0,0,0,1,-1,2,0,0,0,0,0,0,0,0,0,0,0,0,0,0,0,0,0,0,0,0,0,0,0,0,0,0,0,0,0,0,0,0,0,0,0,0,1,-1000
0,5,27.1067,30.8333,0,0,0,1,5.275,-5.275,2.25,2,0.125,0.125,0,0,0.125,0.125,0,2.5,2.5,0,0.125,0,0,0,0,0,0,0,0,0,0,0,0,0,0,0,0,0,0,0,0,0,0,0,1,1,-1000
-1.01,5,27.1067,30.8333,0,1,0,1,2.81667,-1.61667,1.08333,4.25,0.166667,0.0833333,0.583333,0.416667,0.0833333,0.333333,0,1.08333,1.25,0,0.0833333,0,0,0,0,0,0,0,0,0,0,0,0,0,0,0,0,0,0,0,0,0,0,0,1,1,-1000
0,5,27.1067,30.8333,0,0,0,1,0,0,0,0,0,0,0,0,0,0,0,0,0,0,0,0,0,0,0,0,0,0,0,0,0,0,0,0,0,0,0,0,0,0,0,0,0,0,1,1,-1000
0.23,5,27.1067,30.8333,0,0,0,1,1.33333,0.56667,1,0.833333,0,0,0.666667,0.5,0,0,0,0.333333,0.333333,0,0.166667,0,0,0,0,0,0,0.0653592,0,0,0.261435,0.58823,0,0,0,0.261435,0.261435,0,0.0653592,0,0,0,0,0,1,1,-1000
0,5,27.1067,30.8333,0,0,0,1,2.63333,-2.63333,1,3.25,0.166667,0,0.75,0.5,0.0833333,0,0,0.666667,0.25,0,0.25,0,0,0,0,0,0,0,0,0,0,0,0,0,0,0,0,0,0,0,0,0,0,0,1,1,-1000
-0.29,5,27.1067,30.8333,0,1,0,1,1.73,-4.93,0.5,3.3,0,0,0.2,0.3,0.2,0,0,1.3,1.9,0,0.4,0,0,0,0,0,0,0,0,0,0,0,0,0,0,0,0,0,0,0,0,0,0,0,1,1,-1000
0,5,27.1067,30.8333,0,0,0,1,2.9,-2.9,2,5,0,0,0,0,0,0,0,2,0,0,0,0,0,0,0,0,0,0,0,0,0,0,0,0,0,0,0,0,0,0,0,0,0,0,1,1,-1000
0.91,5,27.1067,30.8333,0,1,0,1,2.85714,0.14286,0.928571,2.07143,0,0,0.214286,0.428571,0.0714286,0,0,1.78571,1.64286,0,0.142857,0,0,0,0,0,17.2445,0.102043,0,0,0.918351,6.53048,0.102039,0,0,0.918385,8.26521,0,0.408154,0,0,0,0,0,1,1,-1000
0,5,27.1067,30.8333,0,0,0,1,0,0,0,0,0,0,0,0,0,0,0,0,0,0,0,0,0,0,0,0,0,0,0,0,0,0,0,0,0,0,0,0,0,0,0,0,0,0,1,1,-1000
-0.26,5,27.1067,30.8333,0,0,0,1,1.35556,0.74444,0.777778,1.11111,0.111111,0,0.111111,0.222222,0,0.222222,0,0.444444,0.333333,0,0,0,0,0,0,0,1.10154,0.0224799,0.0224804,0,0.0224804,1.10154,0,0.0899214,0,0.562011,0.202323,0,0,0,0,0,0,0,1,1,-1000
0,12,30.14,28.9667,0,0,0,0,2,-2,0.888889,1.33333,0.222222,0,0.333333,0.222222,0.111111,0.222222,0,0.111111,1.22222,0,0,0,0,0,0,0,0,0,0,0,0,0,0,0,0,0,0,0,0,0,0,0,0,0,1,1,-1000
1.06,12,30.14,28.9667,0,1,0,0,2.83333,3.56667,1.33333,2.75,0.0833333,0,0.0833333,0.166667,0,0,0,2.08333,1.33333,0,0.25,0,0,0,0,0,2.20665,0.0496494,0.0055166,0,0.0055166,0.55166,0,0,0,0.667514,1.41224,0,0.0496494,0,0,0,0,0,1,1,-1000
0,12,30.14,28.9667,0,0,0,0,0.275,-0.275,0.5,1.75,0,0,0.5,0.25,0,0,0,0,0.25,0,0,0,0,0,0,0,0,0,0,0,0,0,0,0,0,0,0,0,0,0,0,0,0,0,1,1,-1000
0,12,30.14,28.9667,0,0,0,0,3.1,-3.1,1,1,0,0,0,0,0,0,0,2,1,0,0,0,0,0,0,0,0,0,0,0,0,0,0,0,0,0,0,0,0,0,0,0,0,0,1,1,-1000
0,12,30.14,28.9667,0,0,0,0,1,-1,0,0,0,0,1,0,0,0,0,0,0,0,0,0,0,0,0,0,0,0,0,0,0,0,0,0,0,0,0,0,0,0,0,0,0,0,1,1,-1000
0,12,30.14,28.9667,0,0,0,0,2.00714,-2.00714,1.21429,2.71429,0,0,0.357143,0.714286,0,0,0,1.42857,1.57143,0,0.142857,0,0,0,0,0,0,0,0,0,0,0,0,0,0,0,0,0,0,0,0,0,0,0,1,1,-1000
0,12,30.14,28.9667,0,0,0,0,0.7,-0.7,0.285714,1.42857,0.142857,0,0,0,0,0,0,0.285714,0.428571,0,0,0,0,0,0,0,0,0,0,0,0,0,0,0,0,0,0,0,0,0,0,0,0,0,1,1,-1000
-0.61,12,30.14,28.9667,0,0,0,0,-0.0545455,0.0545455,1.45455,2.54545,0,0,0.0909091,0.272727,0,0.0909091,0,0.545455,1.63636,0,0.181818,0,0,0,0,0,0,0,0,0,0,0,0,0,0,0,0,0,0,0,0,0,0,0,1,1,-1000
0,12,30.14,28.9667,0,0,0,0,0.72,-0.72,1.2,1.8,0,0,0,0,0,0,0,0.8,0.6,0,0.2,0,0,0,0,0,0,0,0,0,0,0,0,0,0,0,0,0,0,0,0,0,0,0,1,1,-1000
0.44,12,30.14,28.9667,0,1,0,0,0.883333,-0.883333,0.333333,1.33333,0,0,0,0.166667,0,0.166667,0,0.833333,0.666667,0,0,0,0,0,0,0,0,0,0,0,0,0,0,0,0,0,0,0,0,0,0,0,0,0,1,1,-1000
0,12,30.14,28.9667,0,0,0,0,-0.225,0.225,1,2.5,0,0,0,0.5,0,0,0,0.25,0.5,0,0.25,0,0,0,0,0,0,0,0,0,0,0,0,0,0,0,0,0,0,0,0,0,0,0,1,1,-1000
0,12,30.14,28.9667,0,0,0,0,1.24,-1.24,0.6,0.2,0,0,0,0.4,0,0.2,0,0.6,0.4,0,0,0,0,0,0,0,0,0,0,0,0,0,0,0,0,0,0,0,0,0,0,0,0,0,1,1,-1000
0,16,29.3733,33.4267,1,0,0,1,4.3,-4.3,1.5,0.5,0.5,0,0,0,0,0,0,1,1,0,0,0,0,0,0,0,0,0,0,0,0,0,0,0,0,0,0,0,0,0,0,0,0,0,1,0,-1000
0.76,16,29.3733,33.4267,1,1,0,1,2.07692,2.12308,1.30769,2.38462,0,0,0,0.0769231,0,0,0,1.76923,0.923077,0,0.230769,0,0,0,0,0,7.09094,2.55272,0,0,0,0.00578851,0,0,0,0.0520969,0.833545,0,0.0520965,0,0,0,0,0,1,0,-1000
0,16,29.3733,33.4267,1,0,0,1,0,0,0,0,0,0,0,0,0,0,0,0,0,0,0,0,0,0,0,0,0,0,0,0,0,0,0,0,0,0,0,0,0,0,0,0,0,0,1,0,-1000
0,16,29.3733,33.4267,1,0,0,1,0,0,0,0,0,0,0,0,0,0,0,0,0,0,0,0,0,0,0,0,0,0,0,0,0,0,0,0,0,0,0,0,0,0,0,0,0,0,1,0,-1000
0,16,29.3733,33.4267,1,0,0,1,0.28,-0.28,0.2,0.8,0,0,0,0.2,0,0,0,0.4,0.8,0,0,0,0,0,0,0,0,0,0,0,0,0,0,0,0,0,0,0,0,0,0,0,0,0,1,0,-1000
0.28,16,29.3733,33.4267,1,1,0,1,1.93333,-2.33333,0.8,3.13333,0.0666667,0,0.133333,0.866667,0.133333,0,0,0.666667,1.06667,0,0.133333,0,0,0,0,0,0,0,0,0,0,0,0,0,0,0,0,0,0,0,0,0,0,0,1,0,-1000
0,16,29.3733,33.4267,1,0,0,1,1.475,-1.475,1,2,0,0,0,0.25,0,0,0,2,3,0,0.25,0,0,0,0,0,0,0,0,0,0,0,0,0,0,0,0,0,0,0,0,0,0,0,1,0,-1000
0,16,29.3733,33.4267,1,0,0,1,0,0,0,0,0,0,0,0,0,0,0,0,0,0,0,0,0,0,0,0,0,0,0,0,0,0,0,0,0,0,0,0,0,0,0,0,0,0,1,0,-1000
0.2,16,29.3733,33.4267,1,0,0,1,2.28,-1.58,1.4,3.2,0.2,0,0,0,0,0,0,1.2,1,0,0,0,0,0,0,0,0,0,0,0,0,0,0,0,0,0,0,0,0,0,0,0,0,0,1,0,-1000
0,16,29.3733,33.4267,1,0,0,1,2.98182,-2.98182,1.72727,2.27273,0,0,0.636364,0.272727,0.0909091,0,0,1.45455,1.36364,0,0.272727,0,0,0,0,0,0,0,0,0,0,0,0,0,0,0,0,0,0,0,0,0,0,0,1,0,-1000
-0.49,16,29.3733,33.4267,1,1,0,1,3.13333,-0.73333,1.11111,3.11111,0.111111,0,0.444444,1,0,0,0,1.55556,1.22222,0,0.111111,0,0,0,0,0,0,0,0,0,0,0,0,0,0,0,0,0,0,0,0,0,0,0,1,0,-1000
0,16,29.3733,33.4267,1,0,0,1,-0.95,0.95,0,0.5,0,0,0,0.5,0,0,0,0.5,2,0,0.5,0,0,0,0,0,0,0,0,0,0,0,0,0,0,0,0,0,0,0,0,0,0,0,1,0,-1000
0.85,16,29.3733,33.4267,1,1,0,1,-1.8,2.6,3,2.33333,0,0,0.333333,0,0,0,0,0.333333,3.66667,0,0,0.333333,0,0,0,0,0,0,0,0,0,0,0,0,0,0,0,0,0,0,0,0,0,0,1,0,-1000
0,16,29.3733,33.4267,1,0,0,1,0,0,0,0,0,0,0,0,0,0,0,0,0,0,0,0,0,0,0,0,0,0,0,0,0,0,0,0,0,0,0,0,0,0,0,0,0,0,1,0,-1000
-0.04,16,29.3733,33.4267,1,0,0,1,-0.575,0.275,0.75,2.75,0,0,0,0,0,0,0,0,0.25,0,0,0,0,0,0,0,0,0,0,0,0,0,0,0,0,0,0,0,0,0,0,0,0,0,1,0,-1000
0,16,29.3733,33.4267,1,0,0,1,0,0,0,0,0,0,0,0,0,0,0,0,0,0,0,0,0,0,0,0,0,0,0,0,0,0,0,0,0,0,0,0,0,0,0,0,0,0,1,0,-1000
0.01,13,31.68,32.3933,0,1,0,0,1.38571,0.11429,1.21429,2.64286,0.0714286,0,0.357143,0.285714,0,0,0,1.14286,1.42857,0,0.285714,0,0,0,0,0,0.55676,84.6862,0.0618598,0,5.01064,0.989754,0,0,0,15.8362,24.7438,0,0.989754,0,0,0,0,0,1,1,-1000
-0.87,13,31.68,32.3933,0,0,0,0,1.4375,-3.8375,1.75,4.625,0,0,0,0.375,0,0.125,0,1.875,1.375,0,0.375,0,0,0,0,0,0,0,0,0,0,0,0,0,0,0,0,0,0,0,0,0,0,0,1,1,-1000
0,13,31.68,32.3933,0,0,0,0,0.35,-0.35,1,1.5,0,0,0,0,0,0,0,1.5,2.5,0,0.5,0,0,0,0,0,0,0,0,0,0,0,0,0,0,0,0,0,0,0,0,0,0,0,1,1,-1000
0,13,31.68,32.3933,0,0,0,0,-1.1,1.1,1,2,0,0,0,0,0,0,0,0,2,0,0,0,0,0,0,0,0,0,0,0,0,0,0,0,0,0,0,0,0,0,0,0,0,0,1,1,-1000
0.79,13,31.68,32.3933,0,1,0,0,2.02308,3.37692,1.15385,2.69231,0,0.0769231,0.153846,0.384615,0,0,0,1.84615,2.23077,0,0.230769,0,0,0,0,0,2.04186,1.02448,0,0.00354492,0.428935,0.0886226,0,0,0,0.797611,0.0319044,0,0.0319042,0,0,0,0,0,1,1,-1000
0.13,13,31.68,32.3933,0,0,0,0,3.96364,-2.56364,0.909091,2,0.363636,0,0.454545,0.0909091,0.181818,0,0,0.454545,0.545455,0,0.0909091,0,0,0,0,0,0,0,0,0,0,0,0,0,0,0,0,0,0,0,0,0,0,0,1,1,-1000
-0.13,13,31.68,32.3933,0,0,0,0,-0.15,-0.35,0.5,0.5,0,0,0,0,0,0,0,0,0.5,0,0,0,0,0,0,0,0.107143,0.107143,0,0,0,0,0,0,0,0,0.107143,0,0,0,0,0,0,0,1,1,-1000
0,13,31.68,32.3933,0,0,0,0,-0.9,0.9,1,3,0,0,0,0,0,0,0,0,1,0,0,0,0,0,0,0,0,0,0,0,0,0,0,0,0,0,0,0,0,0,0,0,0,0,1,1,-1000
0,13,31.68,32.3933,0,0,0,0,0,0,0,0,0,0,0,0,0,0,0,0,0,0,0,0,0,0,0,0,0,0,0,0,0,0,0,0,0,0,0,0,0,0,0,0,0,0,1,1,-1000
0.55,13,31.68,32.3933,0,1,0,0,2.5125,0.5875,1.75,2.75,0,0,0,0.25,0.125,0,0,1.75,1.875,0,0.375,0,0,0,0,0,21.6503,13.0971,0,0,0,2.40559,0.0668218,0,0,2.40559,0.0668218,0,0.601396,0,0,0,0,0,1,1,-1000
0,13,31.68,32.3933,0,0,0,0,0.9,-0.9,0,0,0,0,0,0,0,0,0,0.75,0.75,0,0,0,0,0,0,0,0,0,0,0,0,0,0,0,0,0,0,0,0,0,0,0,0,0,1,1,-1000
0,13,31.68,32.3933,0,0,0,0,0,0,0,0,0,0,0,0,0,0,0,0,0,0,0,0,0,0,0,0,0,0,0,0,0,0,0,0,0,0,0,0,0,0,0,0,0,0,1,1,-1000
0,13,31.68,32.3933,0,0,0,0,0,0,0,0,0,0,0,0,0,0,0,0,0,0,0,0,0,0,0,0,0,0,0,0,0,0,0,0,0,0,0,0,0,0,0,0,0,0,1,1,-1000
0,13,31.68,32.3933,0,0,0,0,2.125,-2.125,0.75,1.75,0.125,0,0.625,0.125,0.125,0,0,0.625,1.25,0,0.25,0,0,0,0,0,0,0,0,0,0,0,0,0,0,0,0,0,0,0,0,0,0,0,1,1,-1000
0,13,31.68,32.3933,0,0,0,0,2.625,-2.625,0.875,0.875,0,0,0.625,0.5,0.125,0.375,0,1.125,1.5,0,0.25,0,0,0,0,0,0,0,0,0,0,0,0,0,0,0,0,0,0,0,0,0,0,0,1,1,-1000
0,11,34.96,34.7467,-2,0,0,1,1.22,-1.22,0.8,1.5,0.2,0,0.4,0.6,0,0.1,0,0.5,0.9,0,0.2,0.1,0,0,0,0,0,0,0,0,0,0,0,0,0,0,0,0,0,0,0,0,0,0,0,1,-1000
0,11,34.96,34.7467,-2,0,0,1,1.45,-1.45,0.5,0,0,0,0,0.5,0,0,0,0.5,0,0,0,0,0,0,0,0,0,0,0,0,0,0,0,0,0,0,0,0,0,0,0,0,0,0,0,1,-1000
-0.12,11,34.96,34.7467,-2,0,0,1,1.97778,-1.37778,0.555556,2.44444,0.111111,0.111111,0,0.111111,0.111111,0,0,0.666667,0.777778,0,0.111111,0,0,0,0,0,0,0,0,0,0,0,0,0,0,0,0,0,0,0,0,0,0,0,0,1,-1000
0.83,11,34.96,34.7467,-2,1,0,1,1.13636,0.96364,1.27273,3.54545,0,0,0.0909091,0.0909091,0,0,0,2.27273,3.09091,0,0.454545,0,0,0,0,0,0.0877136,7.64065,0,0,0.00974576,0.00974576,0,0,0,0.0877136,0.00974596,0,0.243644,0,0,0,0,0,0,1,-1000
0,11,34.96,34.7467,-2,1,0,1,0.32,-0.32,0.2,1.8,0,0,0,0.2,0,0,0,1.6,1.8,0,0.6,0,0,0,0,0,0,0,0,0,0,0,0,0,0,0,0,0,0,0,0,0,0,0,0,1,-1000
1.05,11,34.96,34.7467,-2,1,0,1,0.753846,2.04615,0.923077,1.69231,0.0769231,0,0.384615,0.384615,0,0.153846,0,0.538462,1.53846,0,0.153846,0,0,0,0,0,0.427281,0.630019,0.00218001,0,0.139521,0.0545,0,0.00872,0,0.07848,0.872001,0,0.00872,0,0,0,0,0,0,1,-1000
-0.28,11,34.96,34.7467,-2,0,0,1,0.655556,-1.55556,0.888889,2.33333,0.111111,0,0.444444,0.666667,0,0,0,0.555556,2.11111,0,0.222222,0,0,0,0,0,0,0,0,0,0,0,0,0,0,0,0,0,0,0,0,0,0,0,0,1,-1000
0,11,34.96,34.7467,-2,0,0,1,1.05,-1.05,1,1,0,0,0,0,0,0,0,0.5,0,0,0,0,0,0,0,0,0,0,0,0,0,0,0,0,0,0,0,0,0,0,0,0,0,0,0,1,-1000
0,11,34.96,34.7467,-2,0,0,1,0,0,0,0,0,0,0,0,0,0,0,0,0,0,0,0,0,0,0,0,0,0,0,0,0,0,0,0,0,0,0,0,0,0,0,0,0,0,0,1,-1000
0,11,34.96,34.7467,-2,0,0,1,0,0,0,0,0,0,0,0,0,0,0,0,0,0,0,0,0,0,0,0,0,0,0,0,0,0,0,0,0,0,0,0,0,0,0,0,0,0,0,1,-1000
-0.21,11,34.96,34.7467,-2,0,0,1,3.65,-1.65,1.125,2.375,0,0,0,0.375,0,0.125,0,3,2,0,0.25,0,0,0,0,0,0,0,0,0,0,0,0,0,0,0,0,0,0,0,0,0,0,0,0,1,-1000
-0.16,11,34.96,34.7467,-2,1,0,1,0.925,-0.325,1.25,1,0,0,0,0.25,0,0,0,0.25,0,0,0,0,0,0,0,0,0,0,0,0,0,0,0,0,0,0,0,0,0,0,0,0,0,0,0,1,-1000
0,11,34.96,34.7467,-2,1,0,1,3.08333,-3.08333,2,1.58333,0,0,0.25,0.166667,0,0.166667,0,2,1.41667,0,0,0.0833333,0,0,0,0,0,0,0,0,0,0,0,0,0,0,0,0,0,0,0,0,0,0,0,1,-1000
0,11,34.96,34.7467,-2,0,0,1,-0.7,0.7,3,3,0,0,0,0,0,0,0,1,2,0,1,0,0,0,0,0,0,0,0,0,0,0,0,0,0,0,0,0,0,0,0,0,0,0,0,1,-1000
0,11,34.96,34.7467,-2,0,0,1,2.2,-2.2,0.5,1,0.5,0,0,0,0,0,0,0,0.5,0,0,0,0,0,0,0,0,0,0,0,0,0,0,0,0,0,0,0,0,0,0,0,0,0,0,1,-1000
1.15,1,41.96,21.3333,0,1,0,0,1.45,-1.45,0.9,0.9,0.1,0,0,0.1,0,0.1,0,1,1.1,0,0.2,0,0,0,0,0,0,0,0,0,0,0,0,0,0,0,0,0,0,0,0,0,0,0,0,2,-1000
0,1,41.96,21.3333,0,0,0,0,-1.4,1.4,1,2,0,0,0,0,0,0,0,1,2,0,1,0,0,0,0,0,0,0,0,0,0,0,0,0,0,0,0,0,0,0,0,0,0,0,0,2,-1000
0.7,1,41.96,21.3333,0,1,0,0,3.43846,-3.43846,0.307692,1.76923,0.0769231,0,0.230769,0.384615,0.153846,0,0,1.38462,1,0,0.0769231,0,0,0,0,0,0,0,0,0,0,0,0,0,0,0,0,0,0,0,0,0,0,0,0,2,-1000
0,1,41.96,21.3333,0,0,0,0,4.12857,-4.12857,0.857143,3.07143,0,0,0.571429,0.857143,0.142857,0,0,1.71429,0.642857,0,0.142857,0,0,0,0,0,0,0,0,0,0,0,0,0,0,0,0,0,0,0,0,0,0,0,0,2,-1000
-0.53,1,41.96,21.3333,0,1,0,0,3.65,-0.75,0.5,3.5,0.416667,0,0.25,0.25,0.166667,0.0833333,0,0.75,0.916667,0,0.0833333,0,0,0,0,0,0,0,0,0,0,0,0,0,0,0,0,0,0,0,0,0,0,0,0,2,-1000
0,1,41.96,21.3333,0,0,0,0,0.822222,-0.822222,1.22222,1,0,0,0,0.555556,0,0,0,0.888889,1.88889,0,0.222222,0,0,0,0,0,0,0,0,0,0,0,0,0,0,0,0,0,0,0,0,0,0,0,0,2,-1000
0,1,41.96,21.3333,0,0,0,0,0,0,0,0,0,0,0,0,0,0,0,0,0,0,0,0,0,0,0,0,0,0,0,0,0,0,0,0,0,0,0,0,0,0,0,0,0,0,0,2,-1000
1.62,1,41.96,21.3333,0,1,0,0,4.4375,7.5625,1.25,1.5,0.125,0,0,0.125,0.125,0,0,2.75,2.25,0,0.5,0,0,0,0,0,1.797,11.8822,0.00916839,0,0,0.00916839,0.00916839,0,0,22.921,0.0366736,0,0.146694,0,0,0,0,0,0,2,-1000
0,1,41.96,21.3333,0,0,0,0,1.05,-1.05,0,0.5,0,0,0,0,0,0,0,1,1,0,0,0,0,0,0,0,0,0,0,0,0,0,0,0,0,0,0,0,0,0,0,0,0,0,0,2,-1000
0,1,41.96,21.3333,0,0,0,0,0,0,0,0,0,0,0,0,0,0,0,0,0,0,0,0,0,0,0,0,0,0,0,0,0,0,0,0,0,0,0,0,0,0,0,0,0,0,0,2,-1000
-0.4,1,41.96,21.3333,0,1,0,0,2.18667,-0.48667,0.866667,2.26667,0.133333,0,0.0666667,0.2,0,0.0666667,0,1.46667,1.26667,0,0.133333,0,0,0,0,0,0,0,0,0,0,0,0,0,0,0,0,0,0,0,0,0,0,0,0,2,-1000
0,1,41.96,21.3333,0,0,0,0,0,0,0,0,0,0,0,0,0,0,0,0,0,0,0,0,0,0,0,0,0,0,0,0,0,0,0,0,0,0,0,0,0,0,0,0,0,0,0,2,-1000
2.21,17,28.5067,42.3267,2,1,0,1,4.075,6.325,2.66667,2.5,0,0,0.166667,0.5,0.0833333,0,0,2.16667,1.75,0,0.25,0,0,0,0,0,1.78964,1.4496,0,0,0.0178964,0.161067,0.541365,0,0,0.0178971,0.0402668,0,0.0402668,0,0,0,0,0,1,1,-1000
0,17,28.5067,42.3267,2,0,0,1,0.577778,-0.677778,0.444444,0.888889,0,0,0.111111,0.333333,0,0,0,0.555556,0.888889,0,0.111111,0,0,0,0,0,0,0,0,0,0,0,0,0,0,0,0,0,0,0,0,0,0,0,1,1,-1000
0,17,28.5067,42.3267,2,0,0,1,0,0,0,0,0,0,0,0,0,0,0,0,0,0,0,0,0,0,0,0,0,0,0,0,0,0,0,0,0,0,0,0,0,0,0,0,0,0,1,1,-1000
2.07,17,28.5067,42.3267,2,1,0,1,4.76923,5.43077,1.38462,2.84615,0.0769231,0,0.0769231,0.153846,0.153846,0,0,2.76923,2.07692,0,0.0769231,0.0769231,0,0,0,0,0.332563,0.628755,0.748277,0,0.00519637,0.0207854,0.0207854,0,0,1.33027,3.24774,0,0.00519637,0.00519637,0,0,0,0,1,1,-1000
0,17,28.5067,42.3267,2,0,0,1,1.1,-1.1,0.333333,1.66667,0,0,0.333333,0.666667,0,0,0,0.666667,1,0,0,0,0,0,0,0,0,0,0,0,0,0,0,0,0,0,0,0,0,0,0,0,0,0,1,1,-1000
3.63,17,28.5067,42.3267,2,1,0,1,6.28,10.72,1.73333,3.53333,0.133333,0.0666667,0.666667,0.866667,0.533333,0.266667,0,0.666667,1.4,0,0.133333,0,0,0,0,0,0.939922,0.127581,0.0104145,0.00260365,0.260365,0.0104145,1.26017,0.0416585,0,0.260365,1.14821,0,0.0104145,0,0,0,0,0,1,1,-1000
0,17,28.5067,42.3267,2,0,0,1,0,0,0,0,0,0,0,0,0,0,0,0,0,0,0,0,0,0,0,0,0,0,0,0,0,0,0,0,0,0,0,0,0,0,0,0,0,0,1,1,-1000
0,17,28.5067,42.3267,2,0,0,1,-0.225,0.225,0.5,0.75,0,0,0,0,0,0,0,0,0.5,0,0,0,0,0,0,0,0,0,0,0,0,0,0,0,0,0,0,0,0,0,0,0,0,0,1,1,-1000
0,17,28.5067,42.3267,2,0,0,1,0,0,0,0,0,0,0,0,0,0,0,0,0,0,0,0,0,0,0,0,0,0,0,0,0,0,0,0,0,0,0,0,0,0,0,0,0,0,1,1,-1000
0,17,28.5067,42.3267,2,0,0,1,2.64,-2.64,1.2,2,0,0,0,0,0.2,0,0,1.2,1.2,0,0.2,0,0,0,0,0,0,0,0,0,0,0,0,0,0,0,0,0,0,0,0,0,0,0,1,1,-1000
0,17,28.5067,42.3267,2,0,0,1,0,0,0,0,0,0,0,0,0,0,0,0,0,0,0,0,0,0,0,0,0,0,0,0,0,0,0,0,0,0,0,0,0,0,0,0,0,0,1,1,-1000
0,17,28.5067,42.3267,2,0,0,1,-0.8,0.8,0,1,0,0,0,0,0,0,0,0,1,0,0,0,0,0,0,0,0,0,0,0,0,0,0,0,0,0,0,0,0,0,0,0,0,0,1,1,-1000
1.16,17,28.5067,42.3267,2,1,0,1,0.830769,6.16923,1.38462,4.61538,0.0769231,0.0769231,0.0769231,0.0769231,0,0.0769231,0,1,1.07692,0,0,0.0769231,0,0,0,0,0.921126,1.54266,0.114743,0.000796825,0.000796825,0.114743,0,0.000796825,0,0,0.156177,0,0,0.000796825,0,0,0,0,1,1,-1000
0,17,28.5067,42.3267,2,0,0,1,3.96429,-3.96429,1.14286,2.21429,0.214286,0.0714286,0.285714,0.214286,0.214286,0.0714286,0,0.785714,0.857143,0,0.142857,0,0,0,0,0,0,0,0,0,0,0,0,0,0,0,0,0,0,0,0,0,0,0,1,1,-1000
-0.18,3,41.5267,25.3667,0,1,0,0,2.1,-1,1,5.23077,0.153846,0,0.307692,0.384615,0.230769,0.0769231,0,0.461538,0.923077,0,0.153846,0,0,0,0,0,0,0,0,0,0,0,0,0,0,0,0,0,0,0,0,0,0,0,1,1,-1000
-0.83,3,41.5267,25.3667,0,1,0,0,1.74444,-2.94444,1.66667,4.44444,0.111111,0,0.222222,0.111111,0,0,0,1.66667,1.55556,0,0.333333,0,0,0,0,0,0,0,0,0,0,0,0,0,0,0,0,0,0,0,0,0,0,0,1,1,-1000
0,3,41.5267,25.3667,0,0,0,0,0,0,0,0,0,0,0,0,0,0,0,0,0,0,0,0,0,0,0,0,0,0,0,0,0,0,0,0,0,0,0,0,0,0,0,0,0,0,1,1,-1000
0,3,41.5267,25.3667,0,0,0,0,-0.8,0.8,0.5,0.75,0.25,0,0,0.25,0,0,0,0,1,0,0.25,0.25,0,0,0,0,0,0,0,0,0,0,0,0,0,0,0,0,0,0,0,0,0,0,1,1,-1000
-0.98,3,41.5267,25.3667,0,1,0,0,3.13333,-5.53333,1.11111,2.11111,0,0,0.222222,0,0.111111,0,0,1.88889,1.33333,0,0.222222,0,0,0,0,0,0,0,0,0,0,0,0,0,0,0,0,0,0,0,0,0,0,0,1,1,-1000
0,3,41.5267,25.3667,0,0,0,0,0,0,0,0,0,0,0,0,0,0,0,0,0,0,0,0,0,0,0,0,0,0,0,0,0,0,0,0,0,0,0,0,0,0,0,0,0,0,1,1,-1000
0,3,41.5267,25.3667,0,0,0,0,0,0,0,0,0,0,0,0,0,0,0,0,0,0,0,0,0,0,0,0,0,0,0,0,0,0,0,0,0,0,0,0,0,0,0,0,0,0,1,1,-1000
0,3,41.5267,25.3667,0,0,0,0,0,0,0,0,0,0,0,0,0,0,0,0,0,0,0,0,0,0,0,0,0,0,0,0,0,0,0,0,0,0,0,0,0,0,0,0,0,0,1,1,-1000
0,3,41.5267,25.3667,0,0,0,0,0,0,0,0,0,0,0,0,0,0,0,0,0,0,0,0,0,0,0,0,0,0,0,0,0,0,0,0,0,0,0,0,0,0,0,0,0,0,1,1,-1000
0,3,41.5267,25.3667,0,0,0,0,0,0,0,0,0,0,0,0,0,0,0,0,0,0,0,0,0,0,0,0,0,0,0,0,0,0,0,0,0,0,0,0,0,0,0,0,0,0,1,1,-1000
-0.12,3,41.5267,25.3667,0,0,0,0,-0.4375,-1.8625,1.25,2.25,0,0,0.125,0.25,0,0,0,1.25,1.625,0,0.375,0.25,0,0,0,0,0.0146812,0.36703,0,0,0.0036703,0.0146812,0,0,0,0.36703,0.0917576,0,0.0917576,0.0146812,0,0,0,0,1,1,-1000
0,3,41.5267,25.3667,0,0,0,0,0,0,0,0,0,0,0,0,0,0,0,0,0,0,0,0,0,0,0,0,0,0,0,0,0,0,0,0,0,0,0,0,0,0,0,0,0,0,1,1,-1000
0.07,3,41.5267,25.3667,0,1,0,0,5.05333,-2.55333,0.733333,3.4,0.133333,0.0666667,0.733333,0.666667,0.266667,0.133333,0,1.2,1,0,0,0,0,0,0,0,0,0,0,0,0,0,0,0,0,0,0,0,0,0,0,0,0,0,1,1,-1000
0,3,41.5267,25.3667,0,0,0,0,3,-3,1.16667,4.16667,0,0,0.333333,0.416667,0.0833333,0,0,2.08333,1.33333,0,0.25,0,0,0,0,0,0,0,0,0,0,0,0,0,0,0,0,0,0,0,0,0,0,0,1,1,-1000
1.08,8,37.92,35.48,2,1,0,1,2.25,2.25,1,1.5,0,0,0.5,0,0,0,0,1,0,0,0,0,0,0,0,0,1,2.25,0,0,0.25,0,0,0,0,1,0,0,0,0,0,0,0,0,1,1,-1000
0,8,37.92,35.48,2,0,0,1,0.32,-0.32,1,1.2,0,0,0.4,0.2,0,0,0,0.2,0.6,0,0.2,0,0,0,0,0,0,0,0,0,0,0,0,0,0,0,0,0,0,0,0,0,0,0,1,1,-1000
0,8,37.92,35.48,2,0,0,1,1.225,-1.225,0,0.5,0,0,0,0.5,0,0,0,0.75,0.5,0,0,0,0,0,0,0,0,0,0,0,0,0,0,0,0,0,0,0,0,0,0,0,0,0,1,1,-1000
0,8,37.92,35.48,2,0,0,1,0,0,0,0,0,0,0,0,0,0,0,0,0,0,0,0,0,0,0,0,0,0,0,0,0,0,0,0,0,0,0,0,0,0,0,0,0,0,1,1,-1000
0,8,37.92,35.48,2,0,0,1,5.22727,-5.22727,1.27273,2.18182,0,0,0.454545,0.727273,0.0909091,0,0,2.54545,0.818182,0,0.181818,0,0,0,0,0,0,0,0,0,0,0,0,0,0,0,0,0,0,0,0,0,0,0,1,1,-1000
0,8,37.92,35.48,2,0,0,1,0,0,0,0,0,0,0,0,0,0,0,0,0,0,0,0,0,0,0,0,0,0,0,0,0,0,0,0,0,0,0,0,0,0,0,0,0,0,1,1,-1000
0,8,37.92,35.48,2,0,0,1,8.94286,-8.94286,0.714286,4.14286,0.428571,0,0.714286,1.28571,0.857143,0.285714,0,0,0.714286,0,0.142857,0,0,0,0,0,0,0,0,0,0,0,0,0,0,0,0,0,0,0,0,0,0,0,1,1,-1000
0.3,8,37.92,35.48,2,0,0,1,2.61667,-0.11667,2.66667,1.83333,0.166667,0,0.166667,0,0,0,0,1.66667,2,0,0.5,0,0,0,0,0,0,0,0,0,0,0,0,0,0,0,0,0,0,0,0,0,0,0,1,1,-1000
-0.28,8,37.92,35.48,2,0,0,1,1.18,-0.18,1,1.2,0,0,0.8,0.2,0,0,0,1,2.4,0,0.2,0,0,0,0,0,0,0,0,0,0,0,0,0,0,0,0,0,0,0,0,0,0,0,1,1,-1000
0,8,37.92,35.48,2,0,0,1,-0.5,0.5,0,0,0,0,0,0,0,0,0,0,1,0,0,0,0,0,0,0,0,0,0,0,0,0,0,0,0,0,0,0,0,0,0,0,0,0,1,1,-1000
0,8,37.92,35.48,2,1,0,1,3.7875,-3.7875,1.5,3.5,0.125,0,0.125,0,0.125,0,0,2,1.125,0,0.25,0,0,0,0,0,0,0,0,0,0,0,0,0,0,0,0,0,0,0,0,0,0,0,1,1,-1000
0.37,8,37.92,35.48,2,1,0,1,3.05455,-3.05455,1.18182,1.45455,0,0,0.0909091,0,0.0909091,0,0,1.54545,0.727273,0,0.0909091,0,0,0,0,0,0,0,0,0,0,0,0,0,0,0,0,0,0,0,0,0,0,0,1,1,-1000
-0.21,19,32.26,26.0467,-3,0,0,0,4.8,-4,2.58333,3.83333,0.25,0.0833333,0.416667,0.833333,0,0.25,0,1.83333,0.916667,0,0,0.0833333,0,0,0,0,0,0,0,0,0,0,0,0,0,0,0,0,0,0,0,0,0,0,1,1,-1000
-0.74,19,32.26,26.0467,-3,0,0,0,1.66667,0.03333,1,2.22222,0.111111,0,0.222222,0.666667,0,0,0,1.55556,2.33333,0,0.444444,0,0,0,0,0,50.0051,30.2502,0.617346,0,30.25,5.55611,0,0,0,9.87735,88.8975,0,15.4337,0,0,0,0,0,1,1,-1000
0,19,32.26,26.0467,-3,0,0,0,0,0,0,0,0,0,0,0,0,0,0,0,0,0,0,0,0,0,0,0,0,0,0,0,0,0,0,0,0,0,0,0,0,0,0,0,0,0,1,1,-1000
-1.02,19,32.26,26.0467,-3,0,0,0,0.5,0,1,0,0,0,0,0,0,0,0,0,0,0,0,0,0,0,0,0,0,0,0,0,0,0,0,0,0,0,0,0,0,0,0,0,0,0,1,1,-1000
0.16,19,32.26,26.0467,-3,0,0,0,0.871429,0.328571,1.57143,1.71429,0,0,0,0.571429,0,0,0,0.285714,0.571429,0,0,0,0,0,0,0,0.866022,7.7942,0,0,0,0.487134,0,0,0,0.216504,0.866019,0,0,0,0,0,0,0,1,1,-1000
0,19,32.26,26.0467,-3,0,0,0,0.966667,-0.966667,0.333333,0.666667,0,0,0,0.333333,0,0,0,0.5,0.166667,0,0,0,0,0,0,0,0,0,0,0,0,0,0,0,0,0,0,0,0,0,0,0,0,0,1,1,-1000
0,19,32.26,26.0467,-3,0,0,0,0,0,0,0,0,0,0,0,0,0,0,0,0,0,0,0,0,0,0,0,0,0,0,0,0,0,0,0,0,0,0,0,0,0,0,0,0,0,1,1,-1000
-0.96,19,32.26,26.0467,-3,1,0,0,0.914286,-3.41429,0,2.57143,0,0,0.285714,0.428571,0.142857,0,0,0.857143,2.42857,0,0.142857,0,0,0,0,0,0,0,0,0,0,0,0,0,0,0,0,0,0,0,0,0,0,0,1,1,-1000
0,19,32.26,26.0467,-3,0,0,0,0,0,0,0,0,0,0,0,0,0,0,0,0,0,0,0,0,0,0,0,0,0,0,0,0,0,0,0,0,0,0,0,0,0,0,0,0,0,1,1,-1000
0,19,32.26,26.0467,-3,0,0,0,1.23333,-1.23333,1.66667,3.83333,0.166667,0,0.166667,0.166667,0,0.166667,0,0.5,0.666667,0,0,0,0,0,0,0,0,0,0,0,0,0,0,0,0,0,0,0,0,0,0,0,0,0,1,1,-1000
0,19,32.26,26.0467,-3,0,0,0,1.23333,-1.23333,0.666667,1,0,0,0,0,0,0,0,1,1,0,0,0,0,0,0,0,0,0,0,0,0,0,0,0,0,0,0,0,0,0,0,0,0,0,1,1,-1000
0,19,32.26,26.0467,-3,0,0,0,0,0,0,0,0,0,0,0,0,0,0,0,0,0,0,0,0,0,0,0,0,0,0,0,0,0,0,0,0,0,0,0,0,0,0,0,0,0,1,1,-1000
0,19,32.26,26.0467,-3,0,0,0,3.26,-3.26,1.4,3.9,0.3,0,0.4,0.3,0.1,0.3,0,1.1,1,0,0.2,0,0,0,0,0,0,0,0,0,0,0,0,0,0,0,0,0,0,0,0,0,0,0,1,1,-1000
0,19,32.26,26.0467,-3,0,0,0,3.1,-3.1,0,1,0,0,0,0,0,0,0,2,0,0,0,0,0,0,0,0,0,0,0,0,0,0,0,0,0,0,0,0,0,0,0,0,0,0,1,1,-1000
0.33,19,32.26,26.0467,-3,1,0,0,1.77857,1.72143,0.357143,2.35714,0,0.0714286,0.285714,0.642857,0.0714286,0,0,1.42857,1.92857,0,0.357143,0,0,0,0,0,0.131785,1.90297,0,0.0052714,0.0843421,1.90297,0.0052714,0,0,0.337371,0.00527161,0,0.131785,0,0,0,0,0,1,1,-1000

